"question","options","answer"
"福州大学“三种精神”中，以()为代表的严谨求实的治学精神。","卢嘉锡先生 | 张孤梅同志 | 魏可镁院士 | 陈嘉庚先生","卢嘉锡先生"
"福州大学学生上一学期平均学分绩点在()及以上者，可以申请免听某门课程。","2.0 | 2.5 | 3.0 | 3.5","3.0"
"考试开始()分钟后，学生方可交卷。","30 | 15 | 20 | 45","30"
"代替他人或者让他人代替自己参加考试、组织作弊、使用通讯设备或其他器材作弊、向他人出售考试试题或答案牟取利益，以及其他严重作弊或扰乱考试秩序行为的，处以()处分","留校察看 | 开除学籍 | 严重警告 | 记大过","开除学籍"
"根据《福州大学学生住宿管理办法》，学生在学期间因特殊情况需要退宿的，原则上基于三类情况，以下哪项不属于这三类情况？()","学生家住福州市，距离学校15公里以内 | 因身心健康问题，需单独住宿且有家人陪读 | 研究生因学业需要赴校外单位实验、实习 | 学生因家庭经济困难，无法承担住宿费用","学生因家庭经济困难，无法承担住宿费用"
"本科新生因疾病申请保留入学资格的，可保留入学资格()。","1年 | 1至2年 | 2年 | 至退役后2年","1至2年"
"对学生的处分决定书应当包括申诉的途径和期限，该期限一般为()。","5日 | 10日 | 15日 | 30日","10日"
"文化科技创新创业奖学金中，发明专利的奖励积分为()分/项。","5 | 10 | 20 | 30","30"
"新生因故不能按期报到者，请假时间一般不得超过（）。","一周 | 两周 | 三周 | 一个月","两周"
"在校学生应征参加中国人民解放军（含中国人民武装警察部队），可保留学籍至退役后（）年。","1 | 2 | 3 | 4","2"
"辅修专业总学分控制在（）学分。","30～35 | 35～40 | 42～45 | 45～50","42～45"
"国家励志奖学金的奖励标准为每人每年（）元。","4000 | 5000 | 6000 | 8000","6000"
"国家励志奖学金的奖励标准为每人每年（）元。","5000 | 6000 | 8000 | 10000","6000"
"学生不得有（）行为。","进行邪教、封建迷信活动 | 打架斗殴 | 非法传销 | 以上都","以上都"
"每学年开学多长时间内，各学院必须再次核对学生住宿信息。","一星期内 | 十五天内 | 一个月内 | 两个月内","一个月内"
"优秀学生综合奖学金一等奖的金额为每学期（）元。","1000 | 1500 | 2000 | 2500","1500"
"国家奖学金的奖励标准为每人每年（）元。","6000 | 8000 | 10000 | 12000","10000"
"国家励志奖学金的奖励标准为每人每年（）元。","4000 | 6000 | 8000 | 10000","6000"
"学生迟到、早退者（）次折算为旷课1学时。","二次 | 三次 | 四次 | 五次","三次"
"福州大学""三种精神""中，以卢嘉锡先生为代表的是（）。","艰苦奋斗的创业精神 | 严谨求实的治学精神 | 勇于拼搏的奉献精神 | 自强不息的奋斗精神","严谨求实的治学精神"
"在校学生应征参加中国人民解放军，可保留学籍至退役后（）。","1年 | 2年 | 3年 | 4年","2年"
"《中华人民共和国学位法》自（）起施行。","2024年4月26日 | 2024年9月1日 | 2025年1月1日 | 2025年9月1日","2025年1月1日"
"辅修专业应制订独立的培养方案，课程应涵盖专业基础课和专业方向课的主要课程、毕业论文（设计）等环节，辅修专业总学分控制在（）学分。","47～50 | 45～47 | 42～45 | 40～42","42～45"
"优秀学生综合奖学金设立一等奖、二等奖、三等奖，其中二等奖（）元/学期。","1000 | 900 | 800 | 500","1000"
"在一学期内请事假时间累计不得超过（）。","两周 | 一个月 | 两个月 | 三个月","一个月"
"学生已修读的必修课中，课程考核不及格的学分数累计达到（），由学院劝其退学。","20学分 | 25学分 | 30学分 | 40学分","30学分"
"补考取得及格及以上成绩，2017 级以后学生该课程绩点记为（）","按实际分数折算 | 1 | 1.3 | 1.5","1"
"学生申请缓考，同一门课程只能申请（）次","1 | 2 | 3 | 不限","1"
"学生缺课学时超过课程教学计划时数（），取消该门课程考核资格","1/2 | 1/3 | 1/4 | 2/3","1/3"
"国家奖学金本科生奖励标准每人每年（）元","6000 | 8000 | 10000 | 12000","10000"
"学生不能转学的情形有（）。","入学未满一学期 | 毕业前一年 | 高考成绩低于拟转入学校相关专业同一生源地相应年份录取成绩的 | 患病无法继续在本校学习","入学未满一学期 | 毕业前一年 | 高考成绩低于拟转入学校相关专业同一生源地相应年份录取成绩的"
"学校实行学业预警制度，下面说法正确的（）。","必修课不及格累计20学分给予学业危机警告 | 必修课不及格累计30学分学院劝其退学 | 挂科1学分就直接退学 | 不通知家长","必修课不及格累计20学分给予学业危机警告 | 必修课不及格累计30学分学院劝其退学"
"学生在校期间依法履行的义务包括()","遵守宪法和法律、法规 | 可以不按规定缴纳学费 | 遵守学校章程和规章制度 | 恪守学术道德，完成规定学业","遵守宪法和法律、法规 | 遵守学校章程和规章制度 | 恪守学术道德，完成规定学业"
"下列哪些课程，福州大学学生不得申请免听与免修？()","思想政治理论课 | 普通专业基础课 | 德育、体育 | 实验、实习、课程设计、毕业设计（论文） | 军事理论","思想政治理论课 | 德育、体育 | 实验、实习、课程设计、毕业设计（论文） | 军事理论"
"学生有下列哪些行为的，认定为考试违规并视情节给予处分？()","携带规定以外的物品进入考场，未按监考人员要求放在指定位置的 | 按指定座位号就座参加考试的 | 考试开始信号发出前答题或者考试结束信号发出后继续答题的 | 携带手机等通讯设备参加考试的","携带规定以外的物品进入考场，未按监考人员要求放在指定位置的 | 考试开始信号发出前答题或者考试结束信号发出后继续答题的 | 携带手机等通讯设备参加考试的"
"学生使用计算机网络，不得有下列哪些行为？()","利用网络泄露学校秘密，危害学校安全 | 盗用他人帐号、IP地址、MAC地址 | 正常使用校园网络完成学习任务 | 利用网络发布未经证实、无法确定来源的消息","利用网络泄露学校秘密，危害学校安全 | 盗用他人帐号、IP地址、MAC地址 | 利用网络发布未经证实、无法确定来源的消息"
"下列属于福州大学学生宿舍内经3C认证、可正常使用的准入电器有()","洗衣机 | 电磁炉 | 电脑 | 台灯","洗衣机 | 电脑 | 台灯"
"关于休学与复学，以下说法正确的有()。","学生可以分阶段完成学业 | 休学次数和期限由学校规定 | 休学学生应当办理手续离校，学校为其保留学籍 | 休学期间享受在校学习学生待遇","学生可以分阶段完成学业 | 休学次数和期限由学校规定 | 休学学生应当办理手续离校，学校为其保留学籍"
"根据《福州大学学生管理规定》，学生有下列哪些情形之一，应当从重或者加重处分？","违法、违纪行为的主要责任人或组织者 | 串供、抵赖或者伪造、销毁、隐匿证据的 | 包庇同案人员或者打击报复批评人、检举人、控告人 | 主动交代本人违法违纪行为，有明显悔改表现的","违法、违纪行为的主要责任人或组织者 | 串供、抵赖或者伪造、销毁、隐匿证据的 | 包庇同案人员或者打击报复批评人、检举人、控告人"
"学生有下列哪些情形之一，不得转专业？","国家有相关规定或者录取前与学校有明确约定的 | 定向生、高水平运动队 | 保留入学资格、保留学籍、休学期间的 | 本科四年级（含）以上学生","国家有相关规定或者录取前与学校有明确约定的 | 定向生、高水平运动队 | 保留入学资格、保留学籍、休学期间的 | 本科四年级（含）以上学生"
"课程考核成绩记录方式包括以下哪几种？","百分制（整数） | 五级制：优秀、良好、中等、及格、不及格 | 二级制：合格、不合格 | 四级制：优秀、良好、及格、不及格","百分制（整数） | 五级制：优秀、良好、中等、及格、不及格 | 二级制：合格、不合格"
"申请国家励志奖学金的学生，如学习成绩排名与综合测评成绩排名其中一项未进入前40%，但在60%以内的，必须在以下哪些方面表现比较突出？","道德风尚 | 学术研究 | 学科竞赛 | 社会实践","道德风尚 | 学术研究 | 学科竞赛 | 社会实践"
"德育素质测评中的基础性测评，班级同学互评和辅导员评价的等次包括（）。","优秀 | 良好 | 一般 | 差","优秀 | 良好 | 一般 | 差"
"以下哪些情形，德育素质基础性测评应当给予“一般”或“差”等次？","违反国家法律、法规，反对四项基本原则，破坏安定团结，扰乱社会秩序，损害国家利益和社会公共利益的 | 严重违反公共道德行为规范，违背社会公序良俗，损害社会风纪的 | 严重违反学校管理规定，扰乱学校教育教学秩序、生活秩序以及公共场所管理秩序的 | 严重侵害他人的合法权益，给他人造成严重不良影响或损失的","违反国家法律、法规，反对四项基本原则，破坏安定团结，扰乱社会秩序，损害国家利益和社会公共利益的 | 严重违反公共道德行为规范，违背社会公序良俗，损害社会风纪的 | 严重违反学校管理规定，扰乱学校教育教学秩序、生活秩序以及公共场所管理秩序的 | 严重侵害他人的合法权益，给他人造成严重不良影响或损失的"
"学生在校期间依法应当履行哪些义务？","遵守宪法和法律、法规 | 遵守学校章程和规章制度 | 恪守学术道德，完成规定学业 | 按规定缴纳学费及有关费用","遵守宪法和法律、法规 | 遵守学校章程和规章制度 | 恪守学术道德，完成规定学业 | 按规定缴纳学费及有关费用"
"综合素质评价的“五育素质”测评包括以下哪些方面？","德育素质测评 | 智育素质测评 | 体育素质测评 | 美育素质测评 | 劳育素质测评","德育素质测评 | 智育素质测评 | 体育素质测评 | 美育素质测评 | 劳育素质测评"
"学生在宿舍区不得有下列哪些行为？","酗酒 | 打麻将 | 进行赌博活动 | 留宿非本宿舍成员","酗酒 | 打麻将 | 进行赌博活动 | 留宿非本宿舍成员"
"学生有下列哪些行为之一，视其情节轻重，给予记过以上处分？","违反宪法，反对四项基本原则，组织、参加未经批准的游行、示威活动 | 组织、成立、加入非法社会团体或组织，从事非法活动 | 泄漏国家秘密，造成后果 | 以各种形式散布、传播反动言论、虚假信息或有害信息，制造混乱 | 无故旷课达10学时的","违反宪法，反对四项基本原则，组织、参加未经批准的游行、示威活动 | 组织、成立、加入非法社会团体或组织，从事非法活动 | 泄漏国家秘密，造成后果 | 以各种形式散布、传播反动言论、虚假信息或有害信息，制造混乱"
"根据《福州大学本科生奖学金评定管理办法》，在评定学期中有下列哪些情况之一，不具备获得各类奖学金的资格？","违反校纪校规，受到警告以上处分，在处分期限内的 | 休学或保留学籍的 | 所修习的课程（除任意选修课外）有不及格的 | 学期综合测评名次在本专业前50%的","违反校纪校规，受到警告以上处分，在处分期限内的 | 休学或保留学籍的 | 所修习的课程（除任意选修课外）有不及格的"
"根据《福州大学学生住宿管理办法》，学生退宿原则上基于以下哪些情况？","学生家住福州市（以户籍为准），距离学校15公里以内的 | 因身心健康问题，医院出具证明需单独住宿且有学生监护人或家人陪读者 | 研究生确因学业需要赴校外单位实验、实习及实践的 | 学生对宿舍环境不满意自行决定退宿的","学生家住福州市（以户籍为准），距离学校15公里以内的 | 因身心健康问题，医院出具证明需单独住宿且有学生监护人或家人陪读者 | 研究生确因学业需要赴校外单位实验、实习及实践的"
"以下哪些行为属于学术不端行为（）。","剽窃、抄袭、侵占他人学术成果 | 篡改他人研究成果 | 伪造科研数据、资料、文献、注释 | 引用他人观点并注明出处的","剽窃、抄袭、侵占他人学术成果 | 篡改他人研究成果 | 伪造科研数据、资料、文献、注释"
"学生集体外出活动必须做到（）。","通过正规旅行社组织 | 有老师带队参加 | 购买人身意外保险 | 选择价格最低的交通方式","通过正规旅行社组织 | 有老师带队参加 | 购买人身意外保险"
"学生对试题有如下疑问时，应举手示意请监考人员处理。","试卷分发错误 | 印刷模糊 | 试卷缺页 | 无法理解题目","试卷分发错误 | 印刷模糊 | 试卷缺页"
"考试中不得有如下行为。","互相谈话 | 左顾右盼 | 互借文具 | 提早交卷","互相谈话 | 左顾右盼 | 互借文具"
"德育素质测评（A），发展性测评（A2）中，个人荣誉项规定获得下列哪些类别的荣誉可以加3分。","校级各类先进个人 | 省级各类先进个人 | 院级综合类荣誉 | 学院先进党、团支部、班集体（主要负责人）","校级各类先进个人 | 省级各类先进个人"
"学生在校期间依法享有的权利包括（）。","参加学校教育教学计划安排的各项活动，使用学校提供的教育教学资源 | 参加社会实践、志愿服务、勤工助学、文娱体育及科技文化创新等活动 | 申请奖学金、助学金及助学贷款 | 免缴学费及有关费用","参加学校教育教学计划安排的各项活动，使用学校提供的教育教学资源 | 参加社会实践、志愿服务、勤工助学、文娱体育及科技文化创新等活动 | 申请奖学金、助学金及助学贷款"
"本科学生综合素质评价内容主要包括（）。","学业测评成绩 | 德育素质测评成绩 | 体育素质测评成绩 | 劳育素质测评成绩","体育素质测评成绩 | 劳育素质测评成绩 | 学业测评成绩 | 德育素质测评成绩"
"下面哪些情况，学生不可以转学（）","入学未满一学期 | 毕业前一年 | 高考分数低于转入学校同专业同地当年录取分 | 定向就业录取学生","入学未满一学期 | 毕业前一年 | 高考分数低于转入学校同专业同地当年录取分 | 定向就业录取学生"
"福州大学纪律处分的种类包含（）","警告 | 严重警告 | 记过 | 留校察看 | 开除学籍","警告 | 严重警告 | 记过 | 留校察看 | 开除学籍"
"选课分为哪几个阶段（）","正常选课 | 补退选课 | 重新学习选课 | 随时选课","正常选课 | 补退选课 | 重新学习选课"
"本科生不得转专业情形（）","定向生、高水平运动队 | 中外合作办学、闽台联合培养项目学生 | 四年级及以上本科生 | 休学期间学生","定向生、高水平运动队 | 中外合作办学、闽台联合培养项目学生 | 四年级及以上本科生 | 休学期间学生"
"留校察看期内如果休学，察看期限包含休学时间。","对 | 错","错"
"综合素质评价每学期评价一次。","对 | 错","对"
"福州大学学生一学期申请免听的课程数一般不得超过二门。","对 | 错","对"
"受开除学籍处分的学生，学校发给肄业证书。","对 | 错","错"
"学生参加勤工助学的时间原则上每周不超过8小时，每月不超过40小时。","对 | 错","对"
"福州大学的校标以“福”字为主体，突破了传统篆字设计模式。","对 | 错","对"
"根据《福州大学学生管理规定》，本科新生因疾病申请保留入学资格的，可保留入学资格1至2年。","对 | 错","对"
"对违反国家招生规定取得入学资格或者学籍的，学校应当取消其学籍，不得发给学历证书、学位证书。","对 | 错","对"
"家庭经济困难的学生可以申请助学贷款或者其他形式资助，办理有关手续后注册。","对 | 错","对"
"学生对学校的处理或者处分决定有异议的，可以在接到学校处理或者处分决定书之日起15日内向学校学生申诉处理委员会提出书面申诉。","对 | 错","错"
"学生辅修专业与主修专业归属不同的本科专业大类，方可授予辅修专业学士学位。","对 | 错","对"
"学生休学期间发生的事故，学校不承担任何责任。","对 | 错","对"
"学生在保留入学资格、休学期间，如果报考其他院校，应当先办理取消入学资格或退学手续。","对 | 错","对"
"学生在考试期间被监考人员发现携带了手机，无论是开机还是关机，均为违规行为。","对 | 错","对"
"学生可以在宿舍内使用电热棒、电炉等违章电器。","对 | 错","错"
"退学学生，应当按学校规定期限办理退学手续离校。","对 | 错","对"
"学生举行大型集会、游行、示威等活动，应当按法律程序和有关规定获得批准。","对 | 错","对"
"学生在实习期间，因违反实习纪律和安全规程造成自身伤害由学生本人负责。","对 | 错","对"
"学生进行毕业设计（论文）时，严禁抄袭、套用他人成果，毕业设计（论文）中引用他人的观点或论述，必需注明出处或来源。","对 | 错","对"
"学生应当遵守学校关于学生住宿管理的规定，共同创造整洁、文明、有序、安全的生活环境。","对 | 错","对"
"学生休学期间，学校为其保留学籍，并继续享受在校学习学生的一切待遇。","对 | 错","错"
"学生使用计算机网络，可以编造、传播虚假、有害信息。","对 | 错","错"
"同一学年内，申请国家励志奖学金的学生可以同时申请并获得国家奖学金。","对 | 错","错"
"学生在综合素质评价中弄虚作假的，一经查实，取消其参评资格。","对 | 错","对"
"学生在宿舍内可以饲养宠物。","对 | 错","错"
"学生因退学等情况中止学业，其在校学习期间所修课程及已获得学分，学校不予记录。","对 | 错","错"
"学生休学期间，享受在校学习学生的所有待遇。","对 | 错","错"
"具有我校正式学籍的学生，在修业年限内取得本专业培养方案规定的应修学分，达到毕业要求，准予毕业，学校颁发毕业证书。","对 | 错","对"
"受开除学籍处分的学生，学校只发给写实性学习证明。","对 | 错","对"
"申诉期间，停止原处理或处分决定的执行。","对 | 错","错"
"学生在校期间依法享有对学校与学生权益相关事务享有知情权和监督权的权利。","对 | 错","对"
"复查中发现学生身心状况不适宜在校学习，经学校指定的三级乙等以上医院诊断，需要在家休养的，可以按照第十条的规定保留入学资格。","对 | 错","错"
"辅修学生免修学分合计不超过5学分。","对 | 错","对"
"学生必须携带准考证，学生证或身份证准时进入考场，按指定的座位入座，迟到六十分钟以上不得进入考场。","对 | 错","错"
"补考不及格者，可以再次申请补考。","对 | 错","错"
"学生提出申诉后，原处理或处分决定暂停执行。","对 | 错","错"
"选修课课程不及格，学校安排补考。","对 | 错","错"
"学生本人申请退学，学校审核同意后，可以办理退学。","对 | 错","对"
"学生申请辅修，主修绩点至少要 2.0。","对 | 错","对"
"5.在校学生应征参加中国人民解放军（含中国人民武装警察部队），可保留学籍至退役后()年。","2年 | 3年 | 1年 | 4年","2年"
"学生已修读的必修课中，课程考核不及格的学分数累计达到()学分，给予学业危机警告。","10 | 20 | 15 | 30","20"
"凡已在校学习满一学年以上的退学学生，按()处理，发给肄业证书。","结业 | 毕业 | 保留学籍 | 肄业","肄业"
"《高等学校学生行为准则》要求大学生应“志存高远，()”。","坚定信念 | 服务人民 | 勤奋学习 | 遵纪守法","坚定信念"
"未经批准连续()未参加学校规定的教学活动，学校可予退学处理。","一周 | 两周 | 三周 | 一个月","两周"
"留校察看处分的察看期为()个月。","6 | 12 | 18 | 24","12"
"学生每学期或者每学年所修课程或者应修学分数以及升级、跳级、留级、降级等要求，由（）规定。","教育部 | 省教育厅 | 学校 | 学院","学校"
"学生对复查决定有异议的，在接到学校复查决定书之日起（）内，可以向学校所在地省级教育行政部门提出书面申诉。","10日 | 15日 | 20日 | 30日","15日"
"学生使用网络时，盗用他人帐号、IP地址造成一定影响的，视情节轻重给予（）以上处分。","警告 | 严重警告 | 记过 | 留校察看","严重警告"
"上一学期平均学分绩点在（）及以上的学生可以申请免听。","2.0 | 2.5 | 3.0 | 3.5","3.0"
"学生一学期申请免听的课程数一般不得超过（）门。","一门 | 二门 | 三门 | 四门","二门"
"一学期累计旷课达（）学时者，给予警告处分。","10 | 15 | 20 | 25","10"
"一学期累计旷课达（）学时者，给予记过处分。","20 | 30 | 35 | 40","30"
"学生在考试中旁窥、交头接耳、打暗号或者手势的，给予（）处分。","警告 | 严重警告 | 记过 | 留校察看","记过"
"学生组织作弊的，给予（）处分。","记过 | 留校察看 | 开除学籍 | 严重警告","开除学籍"
"学生已修读的必修课中，课程考核不及格的学分数累计达到（）学分，给予学业危机警告。","15 | 20 | 25 | 30","20"
"学生一学期申请免听的课程数一般不得超过（）。","一门 | 二门 | 三门 | 四门","二门"
"修业年限期满时，取得本专业培养方案规定的应修学分（）者，按结业处理。","60% | 70% | 80% | 90%","80%"
"2017 级（含）以后本科生，百分制 90‑100 分对应的绩点为（）","3.7 | 4.0 | 3.3 | 2.7","4.0"
"补考能不能申请缓考？（）","可以 | 不可以 | 看学院审批 | 特殊情况可以","不可以"
"下面哪一类学生不得申请转专业（）","大二普通类学生 | 休学期间学生 | 成绩优异学生 | 退役复学学生","休学期间学生"
"本科学生休学，单次以一学期或一学年为期，累计休学时间不得超过（）","1 年 | 2 年 | 3 年 | 4 年","2 年"
"心理、精神疾病学生复学，下列医院不属于指定复查医院的是（）","福州市第四医院 | 福州市安康医院 | 福建省立医院 | 厦门市仙岳医院","福建省立医院"
"学生未经批准连续（）周未参加学校规定教学活动，学校可予以退学处理","1 | 2 | 3 | 4","2"
"本科生必修课不及格学分累计达到（）学分，学校给予学业危机警告","10 | 15 | 20 | 30","20"
"受开除学籍处分的学生，学校发给（）","肄业证书 | 结业证书 | 写实性学习证明 | 无任何证明","写实性学习证明"
"属于结业情形的有（）。","修完全部课程，学分未达到毕业要求，达到应修学分80% | 毕业体质健康测试低于50分（无病残证明） | 修满全部学分，各项考核合格 | 退学学生学习满一年","修完全部课程，学分未达到毕业要求，达到应修学分80% | 毕业体质健康测试低于50分（无病残证明）"
"辅修专业达到哪些条件，可以获得辅修专业证书（）。","获得主修专业毕业证书 | 修完辅修专业全部学分 | 不需要完成辅修毕业设计 | 主修还未毕业","获得主修专业毕业证书 | 修完辅修专业全部学分"
"属于A+类学科竞赛的是（）。","中国国际大学生创新大赛 | “挑战杯”课外学术科技作品竞赛 | “挑战杯”创业计划竞赛 | 普通校级演讲比赛","中国国际大学生创新大赛 | “挑战杯”课外学术科技作品竞赛 | “挑战杯”创业计划竞赛"
"下面哪些属于学生网络使用禁止行为（）。","传播谣言有害信息 | 攻击侵入他人网络系统 | 盗用他人账号IP地址 | 查阅正规学习资料","传播谣言有害信息 | 攻击侵入他人网络系统 | 盗用他人账号IP地址"
"学生请假相关规定说法正确的有（）。","病假需要医院证明 | 事假两天以内辅导员批准 | 事假两天以上分管院领导批准 | 请假不需要书面材料口头即可","病假需要医院证明 | 事假两天以内辅导员批准 | 事假两天以上分管院领导批准"
"学生不得有下列哪些行为？()","酗酒、打架斗殴、赌博、吸毒 | 传播、复制、贩卖非法书刊和音像制品 | 参与非法传销和进行邪教、封建迷信活动 | 积极参加文体活动","酗酒、打架斗殴、赌博、吸毒 | 传播、复制、贩卖非法书刊和音像制品 | 参与非法传销和进行邪教、封建迷信活动"
"福州大学本科学生属于下列哪些情形之一的，不得申请转专业？()","中外合作办学、闽台高校联合培养人才项目的学生 | 定向生、高水平运动队 | 对现读专业不感兴趣 | 本科四年级（含）以上学生","中外合作办学、闽台高校联合培养人才项目的学生 | 定向生、高水平运动队 | 本科四年级（含）以上学生"
"福州大学优秀学生综合奖学金设有的等级包括()","三等奖学金 | 一等奖学金 | 二等奖学金 | 特等奖学金","三等奖学金 | 一等奖学金 | 二等奖学金"
"对有违反法律法规、本规定以及学校纪律行为的学生，学校应当给予批评教育，并可视情节轻重，给予()","严重警告 | 记过 | 留校察看 | 开除学籍","严重警告 | 记过 | 留校察看 | 开除学籍"
"关于福州大学本科生毕业，下列说法正确的有()","符合《福州大学授予学士学位工作细则》规定的授予学士学位条件者，授予学士学位 | 在修业年限内取得本专业培养方案规定的应修学分，达到毕业要求，准予毕业 | 提前修满应修学分且符合毕业规定的学生，可以申请提前毕业 | 毕业时体质健康测试成绩不作任何要求","在修业年限内取得本专业培养方案规定的应修学分，达到毕业要求，准予毕业 | 提前修满应修学分且符合毕业规定的学生，可以申请提前毕业 | 符合《福州大学授予学士学位工作细则》规定的授予学士学位条件者，授予学士学位"
"根据《福州大学学生住宿管理办法》，以下哪些属于宿舍违规行为？","私拉电线 | 使用电热水壶（无3C认证） | 饲养宠物 | 晚归进行实名登记","私拉电线 | 使用电热水壶（无3C认证） | 饲养宠物"
"关于本科学生转学，以下哪些情形不得转学？","入学未满一学期 | 毕业前一年 | 由低学历层次转为高学历层次 | 以定向就业招生录取的","入学未满一学期 | 毕业前一年 | 由低学历层次转为高学历层次 | 以定向就业招生录取的"
"文化科技创新创业奖学金的奖励类别包括()。","学科竞赛 | 发明创造 | 文化艺术类竞赛 | 体育运动竞赛","学科竞赛 | 发明创造 | 文化艺术类竞赛 | 体育运动竞赛"
"学生有下列哪些行为，给予留校察看以上处分？","抄袭或者协助他人抄袭试题答案或者与考试内容相关资料 | 评卷过程中被认定为答案雷同的 | 抢夺、窃取他人试卷、答卷或者胁迫他人为自己抄袭提供方便的 | 考试开始信号发出前答题的","抄袭或者协助他人抄袭试题答案或者与考试内容相关资料 | 评卷过程中被认定为答案雷同的 | 抢夺、窃取他人试卷、答卷或者胁迫他人为自己抄袭提供方便的"
"有下列哪些情形之一，学校可予退学处理？","学业成绩未达到学校要求或在规定学习年限内未完成学业 | 休学、保留学籍期满，在规定期限内未提出复学申请或复查不合格 | 未经批准连续两周未参加学校规定的教学活动 | 超过学校规定期限未注册而又未履行暂缓注册手续","学业成绩未达到学校要求或在规定学习年限内未完成学业 | 休学、保留学籍期满，在规定期限内未提出复学申请或复查不合格 | 未经批准连续两周未参加学校规定的教学活动 | 超过学校规定期限未注册而又未履行暂缓注册手续"
"学校对符合哪些条件的学生可授予学士学位？","拥护中国共产党的领导，拥护社会主义制度，遵守宪法和法律，遵守学术道德和学术规范 | 在本学科或者专业领域较好地掌握基础理论、专门知识和基本技能，具有从事学术研究或者承担专业实践工作的初步能力 | 在允许的修业年限内，完成本专业培养方案规定的各项要求，通过毕业论文或者毕业设计等毕业环节审查，经审核准予毕业","拥护中国共产党的领导，拥护社会主义制度，遵守宪法和法律，遵守学术道德和学术规范 | 在本学科或者专业领域较好地掌握基础理论、专门知识和基本技能，具有从事学术研究或者承担专业实践工作的初步能力 | 在允许的修业年限内，完成本专业培养方案规定的各项要求，通过毕业论文或者毕业设计等毕业环节审查，经审核准予毕业"
"学生有下列哪些行为，认定为考试违规并给予相应处分？","携带规定以外的物品进入考场，未按要求放在指定位置的 | 未在规定的座位参加考试的 | 考试开始信号发出前答题或者考试结束信号发出后继续答题的 | 在考场或者学校禁止的范围内喧哗、吸烟或者实施其它影响考场秩序行为的 | 未经监考人员同意在考试过程中擅自离开考场的 | 因病不能按时参加考试，事先办理缓考手续的","携带规定以外的物品进入考场，未按要求放在指定位置的 | 未在规定的座位参加考试的 | 考试开始信号发出前答题或者考试结束信号发出后继续答题的 | 在考场或者学校禁止的范围内喧哗、吸烟或者实施其它影响考场秩序行为的 | 未经监考人员同意在考试过程中擅自离开考场的"
"以下哪些课程不得申请免听与免修（）。","思想政治理论课 | 体育 | 实验、实习 | 大学英语","思想政治理论课 | 体育 | 实验、实习"
"以下哪些考试违规行为给予警告处分（）。","携带规定以外的物品进入考场，未按要求放在指定位置的 | 未在规定的座位参加考试的 | 考试开始信号发出前答题的 | 未经监考人员同意擅自离开考场的","携带规定以外的物品进入考场，未按要求放在指定位置的 | 未在规定的座位参加考试的 | 考试开始信号发出前答题的 | 未经监考人员同意擅自离开考场的"
"禁止学生携带（）以及其他电子设备进入考场，已带的要切断电源，放在监考教师指定的地方。","电子记事本 | 手机 | 电子手表 | 计算器","手机 | 电子手表 | 计算器 | 电子记事本"
"德育素质测评（A）中，基础性测评（A1）是指班级同学和辅导员按照“优秀”“良好”“一般”“差”四个等次进行班级同学互评和辅导员评价，具体观测点包括（）。","认真学习贯彻习近平新时代中国特色社会主义思想 | 热爱母校，秉承校训，积极践行福州大学“三种精神” | 学业成绩优秀，学期绩点排名在专业前20% | 尊敬师长，团结同学，关心集体，有较强的集体荣誉感","认真学习贯彻习近平新时代中国特色社会主义思想 | 热爱母校，秉承校训，积极践行福州大学“三种精神” | 尊敬师长，团结同学，关心集体，有较强的集体荣誉感"
"体育素质测评（C），基础性测评（C1）中规定若评价学期无体育必修课，则基础性测评成绩根据福大体育APP打卡情况确定。完成以下（）任一内容即可获得体育基础分70分，未完成以50分计。","在规定教学周内，每学期完成健康跑36次，每周参加健康跑的次数不少于1次 | 在福大体育APP中“AI运动”板块任选2个项目，每个项目各打卡36次，每周不少于1次 | 参加校级运动队，每学期完成体育训练36次，每周不少于1次 | 积极参加学校组织的“青年爱体育”等体育类活动，每学期参与次数达36次，每周不少于1次","在规定教学周内，每学期完成健康跑36次，每周参加健康跑的次数不少于1次 | 在福大体育APP中“AI运动”板块任选2个项目，每个项目各打卡36次，每周不少于1次"
"下列关于日常学生违纪违规（宿舍卫生）但尚未达到处分程度的扣分标准的说法，正确的是（）。","学院检查不合格的，个人扣0.1分/次 | 学院检查不合格的，舍长扣0.15分/次 | 学院检查不合格的学生骨干、党员扣0.15分/次 | 学校检查不合格的，个人扣0.2分/次","学院检查不合格的，个人扣0.1分/次 | 学院检查不合格的，舍长扣0.15分/次 | 学院检查不合格的学生骨干、党员扣0.15分/次 | 学校检查不合格的，个人扣0.2分/次"
"我校网络信息安全管理实施工作责任制和责任追究制。学校成立网络信息安全领导小组，各（）相应成立网络安全管理工作小组。","学院 | 专业 | 部门 | 1单位","学院 | 部门 | 1单位"
"我校奖学金包括（）三种类别。","国家级奖学金项目 | 校级奖学金项目 | 社会捐赠专项奖学金项目 | 国际交流奖学金项目","国家级奖学金项目 | 校级奖学金项目 | 社会捐赠专项奖学金项目"
"学生集体外出活动必须做到（）。","一般应通过正规旅行社组织 | 必须有老师带队参加 | 必须购买人身意外保险 | 必须乘坐有资质车辆","一般应通过正规旅行社组织 | 必须有老师带队参加 | 必须购买人身意外保险 | 必须乘坐有资质车辆"
"下面哪些属于本科生可以申请缓考的条件（）","疾病，提供医院证明 | 特殊正当原因 | 考试前提出申请 | 仅仅因为复习没到位","疾病，提供医院证明 | 特殊正当原因 | 考试前提出申请"
"有下列哪些情况，学校可以撤销已经授予的学士学位（）","论文代写、剽窃伪造成果 | 冒用他人身份取得入学资格 | 严重违法取得学历 | 正常完成学业毕业","论文代写、剽窃伪造成果 | 冒用他人身份取得入学资格 | 严重违法取得学历"
"学生办理退宿后，一年内不得重新申请住宿。","对 | 错","对"
"学生已修读的必修课中，课程考核不及格的学分数累计达到30学分的，由学院劝其退学。","对 | 错","对"
"学生对处分决定不服的，可以在接到决定书之日起15日内提出申诉。","对 | 错","错"
"根据《普通高等学校学生管理规定》，新生可以申请保留入学资格，保留入学资格期间具有学籍。","对 | 错","错"
"学历证书和学位证书遗失或者损坏，经本人申请，学校核实后可以出具相应的证明书，证明书与原证书具有同等效力。","对 | 错","对"
"学生申请转专业，应当在入学后第二学年结束前提出。","对 | 错","错"
"休学创业学生的修业年限在原有学制基础上可申请延长2至4年。","对 | 错","对"
"学生休学期间不保留宿舍床位，离校前必须到公寓管理科办理退宿手续。","对 | 错","对"
"学生可以分阶段完成学业，除另有规定外，应当在学校规定的最长学习年限（含休学和保留学籍）内完成学业。","对 | 错","对"
"除开除学籍处分以外，给予学生处分一般应当设置6到12个月期限。","对 | 错","对"
"学生在校期间只能转一次专业（包括进入转专业公示名单者）。","对 | 错","对"
"学生参加创新创业、社会实践等活动，可以折算为学分，计入学业成绩。","对 | 错","对"
"学士学位证书遗失或者损坏，经本人申请，学校核实后出具相应的证明书，证明书与原证书具有同等效力。","对 | 错","对"
"学生个人累计3次宿舍卫生被评为不合格的，当学期不得推优入党。","对 | 错","对"
"学生宿舍内严禁私拉电线和使用明火。","对 | 错","对"
"第三次被学校书面退学劝告者，予以退学。","对 | 错","对"
"毕业时，学生体质健康测试成绩达不到60分者按结业处理。","对 | 错","对"
"被开除学籍的学生，由学校发给学习证明。学生按学校规定期限离校，档案由学校退回其家庭所在地。","对 | 错","对"
"新生保留入学资格期间具有学籍。","对 | 错","错"
"学生休学期间享受在校学习学生待遇。","对 | 错","错"
"学校坚持教育与宗教相分离原则。任何组织和个人不得在学校进行宗教活动。","对 | 错","对"
"学生在校期间依法享有申请奖学金、助学金及助学贷款的权利。","对 | 错","对"
"学校应当按照国家有关规定为家庭经济困难学生提供教育救助，完善学生资助体系，保证学生不因家庭经济困难而放弃学业。","对 | 错","对"
"学生因退学等情况中止学业，其在校学习期间所修课程及已获得学分，应当予以清除。","对 | 错","错"
"休学创业申请程序为：每学期期末结束前第2周，学生提出申请，根据申请条件填写《福州大学本科生休学创业申请表》，并提供相应的佐证材料提交学生所在学院，所在学院根据其提交的申请材料对其创业项目、创业能力等进行初步审查，并将学院初审意见于期末结束前第2周上报教务处。","对 | 错","错"
"接受学校退学劝告者，予以退学。","对 | 错","对"
"学生休学期间，享受在校学习学生的待遇。","对 | 错","错"
"思想政治理论课、体育课可以申请免修。","对 | 错","错"
"补考、重修得到的成绩，学校学籍档案会进行标注。","对 | 错","对"
"心理疾病学生复学，只需要普通医院开证明即可。","对 | 错","错"
"学生可以私自调换、出租宿舍床位。","对 | 错","错"
"学生对学校的处理或者处分决定有异议的，可以在接到决定书之日起()日内提出书面申诉。","5 | 15 | 30 | 10","10"
"学生未经批准连续()未参加学校规定的教学活动的，予以退学。","两周 | 一周 | 三天 | 一个月","两周"
"福州大学“三种精神”不包括以下哪一项？()","以张孤梅同志为代表的艰苦奋斗的创业精神 | 以卢嘉锡先生为代表的严谨求实的治学精神 | 以魏可镁院士为代表的勇于拼搏的奉献精神 | 以王亚南先生为代表的自强不息的科学精神","以王亚南先生为代表的自强不息的科学精神"
"根据《福州大学学生管理规定》，四年制本科学生的在校最长修业年限为()。","五年 | 六年 | 七年 | 八年","六年"
"学校对学生作出处分，应当出具处分决定书，处分决定书应当包括()。","学生的基本信息 | 处分的事实和证据 | 处分的种类、依据、期限 | 以上都是","以上都是"
"福州大学四年制本科学生在校最长修业年限为（）。","四年 | 五年 | 六年 | 七年","六年"
"学生严重违反考核纪律或者作弊的，该课程考核成绩记为（）。","0分 | 无效 | 缺考 | 不及格","无效"
"学生在宿舍内饲养宠物，经劝阻无效者，给予（）处分。","警告 | 严重警告 | 记过 | 留校察看","警告"
"四年制本科学生的最长修业年限为（）。","五年 | 六年 | 七年 | 八年","六年"
"学生对第一次修读的已及格课程成绩不满意，可在每学期开学后（）内书面申请重新修读。","第一周 | 第二周 | 第三周 | 第四周","第二周"
"学生已修读的必修课中，课程考核不及格的学分数累计达到（）学分，给予学业危机警告。","10 | 20 | 25 | 30","20"
"优秀学生综合奖学金三等奖学金评定标准为学期综合测评名次在本专业学生前（）。","20% | 30% | 40% | 50%","40%"
"优秀学生综合奖学金二等奖的金额为每学期（）元。","500 | 1000 | 1500 | 2000","1000"
"学生在接到学校处理或者处分决定书之日起（）日内，可以向学校学生申诉处理委员会提出书面申诉。","5 | 10 | 15 | 20","10"
"学位评定委员会组成人员应当为不少于（）人的单数。","五 | 七 | 九 | 十一","九"
"在留校察看期内休学的，留校察看期不包含休学时间。有立功表现或显著进步者，可申请提前解除处分，但原则上只能提前（）个月。","6 | 5 | 4 | 3","3"
"新生和在校学生应征参加中国人民解放军（含中国人民武装警察部队）的，学校应保留其入学资格或者学籍至退役后（）。","1年 | 2年 | 3年 | 5年","2年"
"在一学期内请病假时间累计超过全学期学习周数的（），按休学处理。","1/3 | 1/2 | 2/3 | 1/4","1/2"
"留校察看处分的察看期为（）。","6个月 | 9个月 | 12个月 | 18个月","12个月"
"一学期累计旷课达10学时者，给予（）处分。","警告 | 严重警告 | 记过 | 留校察看","警告"
"上一学期平均学分绩点达到（）及以上，本科生才可以申请课程免听","2.5 | 3.0 | 3.5 | 4.0","3.0"
"以下哪类课程不允许申请免听、免修（）","专业选修课 | 思想政治理论课 | 通识选修课 | 专业基础课","思想政治理论课"
"学生对学校复查决定不服，可以在收到复查决定书（）日内向省级教育行政部门书面申诉","10 | 15 | 20 | 30","15"
"学生在校期间依法应当履行的义务有（）。","遵守宪法、法律、法规 | 恪守学术道德，完成规定学业 | 按规定缴纳学费及有关费用 | 可以拒绝参加集体教学活动","遵守宪法、法律、法规 | 恪守学术道德，完成规定学业 | 按规定缴纳学费及有关费用"
"学生有哪些情况，不具备获得奖学金资格（评定学期）（）。","受警告以上处分且在处分期限内 | 休学保留学籍 | 有必修课不及格 | 志愿活动表现突出","受警告以上处分且在处分期限内 | 休学保留学籍 | 有必修课不及格"
"学生休学期间，下面说法正确的是（）。","学校保留学籍 | 不享受在校学生待遇 | 需要按规定办理离校手续 | 可以继续参加校内评奖评优","学校保留学籍 | 不享受在校学生待遇 | 需要按规定办理离校手续"
"学生举行大型集会游行示威活动（）。","应当按法律程序获得批准 | 可以直接在校内组织 | 未经批准学校可以劝阻制止 | 不受学校管理约束","应当按法律程序获得批准 | 未经批准学校可以劝阻制止"
"学生参加勤工助学活动，下列做法正确的有()","遵守法律、法规以及学校、用工单位的管理制度 | 保证不因参加勤工助学而影响学习 | 履行勤工助学活动的有关协议 | 以赚钱为目的，可以占用上课时间","遵守法律、法规以及学校、用工单位的管理制度 | 保证不因参加勤工助学而影响学习 | 履行勤工助学活动的有关协议"
"根据《福州大学勤工助学管理办法》，勤工助学岗位按性质可分为()。","固定岗位 | 临时岗位 | 项目型岗位 | 校外岗位","固定岗位 | 临时岗位 | 项目型岗位"
"根据《福州大学学生住宿管理办法》，以下哪些行为属于违规行为？","留宿非本宿舍成员 | 将电动车电池带入公寓楼内充电 | 在宿舍门口堆放杂物 | 按时归寝","留宿非本宿舍成员 | 将电动车电池带入公寓楼内充电 | 在宿舍门口堆放杂物"
"关于重新学习课程成绩绩点计算，以下说法x的有（）。","第一次重新学习课程按正常成绩绩点计算为1-2.3的记为1 | 第一次重新学习课程按正常成绩绩点计算为2.7-3.3的记为2 | 第一次重新学习课程按正常成绩绩点计算为3.7-4的记为3 | 第二次及以后重新学习课程的成绩绩点均记为1","第一次重新学习课程按正常成绩绩点计算为1-2.3的记为1 | 第一次重新学习课程按正常成绩绩点计算为2.7-3.3的记为2 | 第一次重新学习课程按正常成绩绩点计算为3.7-4的记为3 | 第二次及以后重新学习课程的成绩绩点均记为1"
"单项奖学金包括以下哪些？","学习进步奖 | 精神文明建设奖 | 科技创新奖 | 社会实践奖","精神文明建设奖 | 科技创新奖 | 社会实践奖 | 学习进步奖"
"学生有下列哪些行为，给予记过处分？","在考试中旁窥、交头接耳、打暗号或者手势的，或以其它方式为自己及他人提供方便的 | 携带手机等通讯设备，或者存储与考试内容相关资料的其他器材参加考试的 | 在答卷上填写与本人身份不符的姓名、考号等信息的 | 故意销毁试卷、答卷或者考试材料的","在考试中旁窥、交头接耳、打暗号或者手势的，或以其它方式为自己及他人提供方便的 | 携带手机等通讯设备，或者存储与考试内容相关资料的其他器材参加考试的 | 在答卷上填写与本人身份不符的姓名、考号等信息的 | 故意销毁试卷、答卷或者考试材料的"
"以下哪些情况可以申请办理退宿？","学生家住福州市（以户籍为准），距离学校15公里以内的 | 因身心健康问题，医院出具证明需单独住宿且有学生监护人或家人陪读的 | 研究生确因学业需要赴校外单位实验、实习及实践的","学生家住福州市（以户籍为准），距离学校15公里以内的 | 因身心健康问题，医院出具证明需单独住宿且有学生监护人或家人陪读的 | 研究生确因学业需要赴校外单位实验、实习及实践的"
"教室借用范围包括（）。","校院级大型学术活动 | 聘请校内外学者专家开展的专业讲座 | 企业为我校学生就业开展的招聘会和宣讲会 | 校院级党校学习活动","校院级大型学术活动 | 聘请校内外学者专家开展的专业讲座 | 企业为我校学生就业开展的招聘会和宣讲会 | 校院级党校学习活动"
"学生违法违纪后，有下列哪些情形之一，从重或者加重处分？","违法、违纪行为的主要责任人或组织者 | 强迫、唆使他人违法、违纪的 | 串供、抵赖或者伪造、销毁、隐匿证据的 | 阻止他人揭发检举、提供证据材料的 | 包庇同案人员或者打击报复批评人、检举人、控告人、证人及其他人员的 | 主动退出违法违纪所得的","违法、违纪行为的主要责任人或组织者 | 强迫、唆使他人违法、违纪的 | 串供、抵赖或者伪造、销毁、隐匿证据的 | 阻止他人揭发检举、提供证据材料的 | 包庇同案人员或者打击报复批评人、检举人、控告人、证人及其他人员的"
"学生有下列哪些情形之一者，予以退学（）。","未经批准连续两周未参加学校规定的教学活动者 | 超过学校规定期限未注册而又未履行暂缓注册手续者 | 接受学校退学劝告者 | 一学期必修课不及格累计达10学分者","未经批准连续两周未参加学校规定的教学活动者 | 超过学校规定期限未注册而又未履行暂缓注册手续者 | 接受学校退学劝告者"
"学生申诉处理委员会应当由以下哪些人员组成（）。","学校相关负责人 | 教师代表 | 学生代表 | 学生家长代表","学校相关负责人 | 教师代表 | 学生代表"
"学生宿舍中，以下哪些电器仅限临时使用，用后立即断电拔插（）。","手机充电器 | 充电宝 | 电热蚊香 | 电吹风","手机充电器 | 充电宝 | 电热蚊香 | 电吹风"
"关于学历证书和学位证书，以下说法正确的是（）。","证书遗失或者损坏，经本人申请，学校核实后可出具相应的证明书 | 证明书与原证书具有同等效力 | 对以作弊手段获得学历证书、学位证书的，学校依法予以撤销 | 被撤销的学位证书已注册的，无需注销","证书遗失或者损坏，经本人申请，学校核实后可出具相应的证明书 | 证明书与原证书具有同等效力 | 对以作弊手段获得学历证书、学位证书的，学校依法予以撤销"
"考试宣布结束时，学生应立即停止答题，将试卷翻放，待监考老师收齐试卷点清无误后，有秩序地离开考场，并不准将（）带走。","学生证 | 答题卡（答题纸） | 试卷（不含答题卡） | 草稿纸","答题卡（答题纸） | 试卷（不含答题卡） | 草稿纸"
"在评定学期中有下列（）情况之一，不具备获得各类奖学金的资格。","违反校纪校规，受到警告以上处分，在处分期限内的 | 休学或保留学籍的 | 所修习的课程(除任意选修课外)有不及格的 | 存在补考（已通过）科目的","违反校纪校规，受到警告以上处分，在处分期限内的 | 休学或保留学籍的 | 所修习的课程(除任意选修课外)有不及格的"
"学科竞赛等级分类中，A+类赛事包含（）。","中国国际大学生创新大赛 | 大学生英语竞赛 | “挑战杯”全国大学生课外学术科技作品竞赛 | “挑战杯”中国大学生创业计划竞赛","中国国际大学生创新大赛 | “挑战杯”全国大学生课外学术科技作品竞赛 | “挑战杯”中国大学生创业计划竞赛"
"勤工助学活动应坚持“（）、（）”的宗旨，按照学有余力、自愿申请、信息公开、扶困优先、竞争上岗、遵纪守法的原则，由学校各单位、各学院在不影响正常教学秩序和学生正常学习的前提下有组织地开展。","立足校园 | 锻炼技能 | 服务社会 | 勤劳刻苦","立足校园 | 服务社会"
"学生有下列情形之一的，不得转学（）。","入学未满一学期或者毕业前一年的 | 由低学历层次转为高学历层次的 | 以定向就业录取的 | 因患病无法继续在本校学习的","入学未满一学期或者毕业前一年的 | 由低学历层次转为高学历层次的 | 以定向就业录取的"
"《普通高等学校学生管理规定》，学生在校期间依法享有哪些权利（）","参加教学活动、使用教学资源 | 申请奖学金、助学金、助学贷款 | 对处分有异议可以提出申诉 | 无条件免除学费","参加教学活动、使用教学资源 | 申请奖学金、助学金、助学贷款 | 对处分有异议可以提出申诉"
"福州大学本科学生，有哪些情形学校可以予以退学处理（）","修业年限内没有完成学业 | 休学期满，逾期不申请复学或复学复查不合格 | 经医院诊断患病，无法继续在校学习 | 本人主动书面申请退学","修业年限内没有完成学业 | 休学期满，逾期不申请复学或复学复查不合格 | 经医院诊断患病，无法继续在校学习 | 本人主动书面申请退学"
"本科生申请转专业，哪些对象优先考虑（）","休学创业复学，创业经历和转入专业相关 | 退役复学，因自身情况需要转专业 | 挂科很多的学生 | 定向生","休学创业复学，创业经历和转入专业相关 | 退役复学，因自身情况需要转专业"
"考试携带手机进入考场，无论开机关机，都属于违规。","对 | 错","对"
"学生可以参加未选课的课程，自行参加考试，成绩可以被承认。","对 | 错","错"
"退学学生档案退回家庭所在地。","对 | 错","对"
"毕业证书遗失，学校只可以开具证明书，证明书效力等同于原证书。","对 | 错","对"
"学生对处分决定书有异议，超过申诉期限之后，学校不再受理申诉。","对 | 错","对"
"学生在校期间可以随意变更姓名、出生日期等证书需填写的个人信息。","对 | 错","错"
"思想政治理论课、德育、体育、军事理论等课程，学生不得申请免听与免修。","对 | 错","对"
"校内固定岗位按月计酬，以每月40个工时为计酬基准。","对 | 错","对"
"根据《福州大学学生管理规定》，新生入学后，学校在3个月内进行复查，复查不合格的，取消学籍。","对 | 错","对"
"学生入学后，学校应当在6个月内按照国家招生规定进行复查。","对 | 错","错"
"任何组织和个人不得在学校进行宗教活动。","对 | 错","对"
"学生宿舍实行收费住宿制度，具体收费标准按省发改委核定的标准执行。","对 | 错","对"
"学生可以申请免听思想政治理论课、体育课等课程。","对 | 错","错"
"学生因违反操作规程造成仪器设备损坏的，须承担赔偿责任。","对 | 错","对"
"国家励志奖学金由学校一次性发放，并颁发福建省教育厅统一印制的荣誉证书。","对 | 错","对"
"学生可以在教室吸烟。","对 | 错","错"
"未经请假或请假未获准逾期两周不到校注册的，除因不可抗力等正当事由以外，按自动退学处理。","对 | 错","对"
"对学生的奖励、处理、处分及解除处分材料，学校应当真实完整地归入学校文书档案和本人档案。","对 | 错","对"
"纪律处分的种类包括警告、严重警告、记过、留校察看、开除学籍。","对 | 错","对"
"在国家考试中冒名代替他人考试的，给予开除学籍处分。","对 | 错","对"
"学生对处分决定有异议的，可在接到决定书之日起15日内提出书面申诉。","对 | 错","错"
"博士学位论文应当同时交存国家图书馆和有关专业图书馆。","对 | 错","对"
"学校应当在报到时对新生入学资格进行初步审查，审查发现新生的录取通知、考生信息等证明材料，与本人实际情况不符，或者有其他违反国家招生考试规定情形的，取消入学资格。","对 | 错","对"
"若辅修专业课程与主修专业课程发生冲突，学生可申请免听，经任课教师批准后允许免听，但必须自学并参加该课程考试。","对 | 错","对"
"结业后在规定的修业年限内，课程修读合格并达到毕业要求者，准予以结业证书换发毕业证书。","对 | 错","对"
"校内勤工助学固定岗位按小时计酬。","对 | 错","错"
"综合素质评价每学年评价一次。","对 | 错","错"
"休学学生离校，学校保留学籍，但是不享受在校学生待遇。","对 | 错","对"
"学生受到留校察看处分，察看期 12 个月；察看期内休学，休学时间不计入察看期。","对 | 错","对"
"综合素质评价结果是评奖评优、推优入党、推免研究生的重要依据。","对 | 错","对"
"根据学校规定，不允许在校园进行宗教活动。","对 | 错","对"
"3.学生在休学、保留学籍期满后()内不办理复学申请手续或者申请复学经复查不合格者予以退学。","两周 | 一周 | 15个工作日 | 一年","两周"
"学生参加勤工助学的时间原则上每周不超过()小时。","8 | 6 | 10 | 12","8"
"根据《普通高等学校学生管理规定》，学生应征参加中国人民解放军，学校应当保留其学籍至退役后()年。","1 | 2 | 3 | 5","2"
"学生已修读的必修课中，课程考核不及格的学分数累计达到（）学分，由学院劝其退学。","20 | 25 | 30 | 35","30"
"学生在学校规定学习年限内，修完教育教学计划规定内容，成绩合格，达到学校毕业要求的，学校应当准予毕业，并在学生离校前发给（）。","结业证书 | 肄业证书 | 毕业证书 | 学习证明","毕业证书"
"除开除学籍处分以外，给予学生处分一般应当设置（）期限。","3到6个月 | 6到12个月 | 12到18个月 | 18到24个月","6到12个月"
"福州大学本科生转专业每学年办理一次，学生可以在（）自主申请转专业。","第一学期末、第三学期末、第五学期末 | 第一学期末、第二学期末、第三学期末 | 每学期末 | 每年九月","第一学期末、第三学期末、第五学期末"
"学生在校期间只允许辅修（）个专业。","一 | 二 | 三 | 四","一"
"优秀学生综合奖学金一等奖的评定标准为学期综合测评名次在本专业学生前（）。","5% | 10% | 15% | 20%","10%"
"学生申请国家奖学金，学习成绩排名与综合测评成绩排名均须位于前（）（含）。","5% | 10% | 15% | 20%","10%"
"文化科技创新创业奖学金中，入围“中国国际大学生创新大赛”冠军赛的项目给予（）元奖励。","50000 | 80000 | 100000 | 120000","100000"
"学生在宿舍区饮酒，在负面评价中每次扣（）分。","0.1 | 0.2 | 0.4 | 0.8","0.4"
"学生每学期修读课程学分一般不宜超过（）学分。","20 | 25 | 30 | 35","30"
"一学期累计旷课达（）学时者，给予严重警告处分。","10 | 20 | 25 | 30","20"
"病假三天以上的，由（）批准。","辅导员 | 班主任 | 辅导员签署意见，分管院领导 | 学院院长","辅导员签署意见，分管院领导"
"组织作弊的，给予（）处分。","留校察看 | 记过 | 开除学籍 | 严重警告","开除学籍"
"若辅修学生已获得辅修专业学分达到或超过（）学分，可于每学期开学初前三周内向教务处计划管理办公室申请免修主修专业通识教育选修课相应类别课程学分。","25 | 20 | 18 | 15","25"
"优秀学生综合奖学金每学期评定一次，于每年（）进行。","5月、10月 | 3月、9月 | 6月、12月 | 4月、10月","4月、10月"
"未经请假或请假未获准逾期两周不到校注册的（除因不可抗力等正当事由以外），按（）处理。","警告处分 | 记过处分 | 留校察看 | 自动退学","自动退学"
"学生对学校的处理或处分决定有异议的，可自收到处理或处分决定书之日起（）内向学校学生申诉处理委员会提出书面申诉。","5日 | 7日 | 10日 | 15日","10日"
"学生申诉处理委员会应在申诉受理决定之日起（）内作出复查结论。","10日 | 15日 | 20日 | 30日","15日"
"一学期旷课累计达到 10 学时，给予什么处分（）","警告 | 严重警告 | 记过 | 留校察看","警告"
"哪些学生不得转专业（）。","定向生 | 高水平运动队 | 休学期间学生 | 对其他专业有浓厚兴趣的大一学生","定向生 | 高水平运动队 | 休学期间学生"
"学生在校期间依法享有的权利包括()","参加学校教育教学计划安排的各项活动，使用学校提供的教育教学资源 | 对学校给予的处理或者处分有异议提出申诉 | 申请奖学金、助学金及助学贷款 | 可以不参加任何课程考核","参加学校教育教学计划安排的各项活动，使用学校提供的教育教学资源 | 对学校给予的处理或者处分有异议提出申诉 | 申请奖学金、助学金及助学贷款"
"学生有下列哪些情形之一的，学校可以给予开除学籍处分？()","学位论文、公开发表的研究成果存在抄袭、篡改、伪造等学术不端行为，情节严重的 | 上课迟到一次 | 触犯国家法律，构成刑事犯罪的 | 代替他人或者让他人代替自己参加考试、组织作弊的","学位论文、公开发表的研究成果存在抄袭、篡改、伪造等学术不端行为，情节严重的 | 触犯国家法律，构成刑事犯罪的 | 代替他人或者让他人代替自己参加考试、组织作弊的"
"学生有下列哪些情形之一的，学校可予退学处理？()","未经批准连续两周未参加学校规定的教学活动的 | 超过学校规定期限未注册而又未履行暂缓注册手续的 | 学业成绩未达到学校要求或者在学校规定的学习年限内未完成学业的 | 积极参加社会实践的","未经批准连续两周未参加学校规定的教学活动的 | 超过学校规定期限未注册而又未履行暂缓注册手续的 | 学业成绩未达到学校要求或者在学校规定的学习年限内未完成学业的"
"福州大学本科生综合素质评价成绩的组成部分包括()","学业测评成绩 | 德育素质测评成绩 | 智育、体育、美育、劳育素质测评成绩 | 家庭经济状况测评成绩","学业测评成绩 | 德育素质测评成绩 | 智育、体育、美育、劳育素质测评成绩"
"根据《高等学校学生行为准则》，大学生应当遵守的行为规范包括()。","志存高远，坚定信念 | 热爱祖国，服务人民 | 明礼修身，团结友爱 | 勤俭节约，艰苦奋斗","志存高远，坚定信念 | 热爱祖国，服务人民 | 明礼修身，团结友爱 | 勤俭节约，艰苦奋斗"
"根据《福州大学学生管理规定》，有下列哪些情形之一，学校可予本科学生退学处理？","学业成绩未达到学校要求或在修业年限内未完成学业的 | 休学、保留学籍期满，在学校规定期限内未提出复学申请的 | 未经批准连续两周未参加学校规定的教学活动的 | 超过学校规定期限未注册而又未履行暂缓注册手续的","学业成绩未达到学校要求或在修业年限内未完成学业的 | 休学、保留学籍期满，在学校规定期限内未提出复学申请的 | 未经批准连续两周未参加学校规定的教学活动的 | 超过学校规定期限未注册而又未履行暂缓注册手续的"
"学生申诉处理委员会可以作出哪些复查结论？","维持原处理或处分决定 | 建议撤销原处理或处分决定 | 建议变更原处理或处分决定 | 直接改变原处分等级","维持原处理或处分决定 | 建议撤销原处理或处分决定 | 建议变更原处理或处分决定"
"学生有下列哪些情形之一，不得转学？","入学未满一学期或者毕业前一年的 | 高考成绩低于拟转入学校相关专业同一生源地相应年份录取成绩的 | 由低学历层次转为高学历层次的 | 以定向就业招生录取的","入学未满一学期或者毕业前一年的 | 高考成绩低于拟转入学校相关专业同一生源地相应年份录取成绩的 | 由低学历层次转为高学历层次的 | 以定向就业招生录取的"
"以下关于学生使用网络的规定，正确的有（）。","学生不得利用网络发表影响学校事业发展大局，不利于稳定团结的言论 | 学生不得利用网络泄露学校秘密，危害学校安全的 | 学生不得利用网络发布未经证实、无法确定来源的消息，在网络上捏造或者歪曲事实、散布谣言造成一定影响的 | 学生不得利用网络对公民、法人或其他组织进行造谣、诽谤、侮辱，毁损公民、法人或其他组织的名誉","学生不得利用网络发表影响学校事业发展大局，不利于稳定团结的言论 | 学生不得利用网络泄露学校秘密，危害学校安全的 | 学生不得利用网络发布未经证实、无法确定来源的消息，在网络上捏造或者歪曲事实、散布谣言造成一定影响的 | 学生不得利用网络对公民、法人或其他组织进行造谣、诽谤、侮辱，毁损公民、法人或其他组织的名誉"
"学生集体外出活动必须遵守以下哪些要求？","通过正规旅行社组织 | 必须有老师带队参加 | 必须购买人身意外保险 | 必须乘坐有资质车辆","通过正规旅行社组织 | 必须有老师带队参加 | 必须购买人身意外保险 | 必须乘坐有资质车辆"
"在校学习期间或在修业年限内曾受“记过”及以上处分者，在哪些情况下学校不授予学士学位？","处分未解除期间 | 因作弊、剽窃、抄袭等违背学术诚信原因受处分，虽已解除但毕业时学习成绩排名未达前50%的 | 处分已解除且毕业时学习成绩排名在前50%以内的 | 因非学术诚信原因受处分，处分已解除的","处分未解除期间 | 因作弊、剽窃、抄袭等违背学术诚信原因受处分，虽已解除但毕业时学习成绩排名未达前50%的"
"根据《福州大学本科生辅修专业管理暂行办法》，以下说法正确的有（）。","学生在校期间只允许辅修一个专业 | 申请修读的学生主修专业已修课程平均学分绩点原则上应不低于2.0 | 辅修专业总学分控制在42～45学分 | 辅修专业学士学位单独发放学位证书 | 已获得主修专业学士学位，并获得辅修专业培养方案规定的全部学分，且辅修专业与主修专业归属不同的本科专业大类，可授予辅修专业学士学位","学生在校期间只允许辅修一个专业 | 申请修读的学生主修专业已修课程平均学分绩点原则上应不低于2.0 | 辅修专业总学分控制在42～45学分 | 已获得主修专业学士学位，并获得辅修专业培养方案规定的全部学分，且辅修专业与主修专业归属不同的本科专业大类，可授予辅修专业学士学位"
"根据《福州大学学生安全管理规定》，学生集体外出活动必须（）。","通过正规旅行社组织 | 有老师带队参加 | 购买人身意外保险 | 乘坐有资质车辆 | 学生自行组织无需报批","通过正规旅行社组织 | 有老师带队参加 | 购买人身意外保险 | 乘坐有资质车辆"
"根据《普通高等学校学生管理规定》，以下哪些属于不得转学的情形（）。","入学未满一学期或者毕业前一年的 | 由低学历层次转为高学历层次的 | 以定向就业招生录取的 | 家庭经济困难无法承担学费的","入学未满一学期或者毕业前一年的 | 由低学历层次转为高学历层次的 | 以定向就业招生录取的"
"申请国家奖学金的基本条件包括（）。","具有中华人民共和国国籍 | 热爱社会主义祖国，拥护中国共产党的领导 | 遵守地方法律法规，遵守学校规章制度 | 诚实守信，道德品质优良","具有中华人民共和国国籍 | 热爱社会主义祖国，拥护中国共产党的领导 | 诚实守信，道德品质优良"
"奖学金评定坚持“（）”的原则。","公平 | 公开 | 透明 | 公正","公平 | 公开 | 公正"
"下列关于日常学生违纪违规（校园交通秩序）但尚未达到处分程度的扣分标准的说法，正确的是（）。","电动自行车未实名登记、无牌通行，扣0.2分/辆 | 骑行电动自行车未按规定佩戴安全头盔，扣0.2分/次 | 电动自行车未在指定区域停放，扣0.2分/次 | 校园内使用滑板、轮滑、平衡车等滑行工具代步，扣0.2分/次","骑行电动自行车未按规定佩戴安全头盔，扣0.2分/次 | 电动自行车未在指定区域停放，扣0.2分/次 | 校园内使用滑板、轮滑、平衡车等滑行工具代步，扣0.2分/次"
"关于网络突发预案，下列说法正确的是（）。","网络信息员要定时巡查和监督网络信息情况，通过必要的技术手段保障网络安全 | 若网页被恶意更改，在被更改的原因找到并排除之前，不得重新开放网页服务 | 若网页被恶意更改，应立即停止主页服务并恢复正确内容 | 信息服务板块内容发布实行审核制度，未经审核不得发布","网络信息员要定时巡查和监督网络信息情况，通过必要的技术手段保障网络安全 | 若网页被恶意更改，在被更改的原因找到并排除之前，不得重新开放网页服务 | 若网页被恶意更改，应立即停止主页服务并恢复正确内容 | 信息服务板块内容发布实行审核制度，未经审核不得发布"
"下面哪些宿舍行为会受到学校纪律处分（）","私自在宿舍使用违规电器 | 留宿非本宿舍人员屡教不改 | 未经批准彻夜不归 | 按时打扫宿舍卫生","私自在宿舍使用违规电器 | 留宿非本宿舍人员屡教不改 | 未经批准彻夜不归"
"申请辅修专业，下面说法正确的有（）","在校只允许辅修一个专业 | 辅修课程冲突可以申请免听 | 辅修不及格课程可以补考 | 辅修达到学分可以发放辅修专业证书","在校只允许辅修一个专业 | 辅修课程冲突可以申请免听 | 辅修达到学分可以发放辅修专业证书"
"学士学位授予条件，福州大学要求（）","拥护党的领导，遵守宪法法律、恪守学术道德 | 修完培养方案，准予毕业 | 受记过及以上处分尚未解除，不授予学位 | 受过记过以上处分一律永远不能拿学位","拥护党的领导，遵守宪法法律、恪守学术道德 | 修完培养方案，准予毕业 | 受记过及以上处分尚未解除，不授予学位"
"学生办理退学，会出现下面哪些结果（）","档案退回家庭所在地 | 户口迁回原户籍地 | 符合条件发放肄业证书或者写实性学习证明 | 自动保留学籍","档案退回家庭所在地 | 户口迁回原户籍地 | 符合条件发放肄业证书或者写实性学习证明"
"受到记过及以上学术诚信类处分，解除处分之后就一定可以自动拿到学士学位。","对 | 错","错"
"未经批准，学生不可以私自在校外租房居住。","对 | 错","对"
"新生因参军申请保留入学资格的，可保留入学资格至退役后2年。","对 | 错","对"
"选修课不及格者，学校安排补考。","对 | 错","错"
"学生考试缺考的，学籍处理时以0分计。","对 | 错","对"
"住宿学生可以随意调换宿舍床位。","对 | 错","错"
"根据《福州大学学生管理规定》，对学生作出开除学籍处分的，应当提交校长办公会或者校长授权的专门会议研究决定。","对 | 错","对"
"勤工助学活动由学校或学院统一组织和管理，学生私自在校外兼职的行为不在本办法规定之列。","对 | 错","对"
"学生体育成绩评定要突出过程管理，可以根据考勤、课内教学、课外锻炼活动和体质健康等情况综合评定。","对 | 错","对"
"被开除学籍的学生，由学校发给学习证明。","对 | 错","对"
"学校对学生作出处分，应当出具处分决定书。","对 | 错","对"
"学生集体外出活动，可以未经批准擅自组织。","对 | 错","错"
"毕业班学生毕业会餐可以饮用较高度数酒。","对 | 错","错"
"学生重新参加入学考试、符合录取条件，再次入学的，其入学前五年内已获得学分，经学生书面申请、所在学院和教务处认定，可以予以承认。","对 | 错","对"
"学生不得有酗酒、打架斗殴、赌博、吸毒等违法行为；不得参与非法传销和进行邪教、封建迷信活动。","对 | 错","对"
"福州大学校徽采用单色红色，寓意吉祥、热情、醒目。","对 | 错","对"
"组织作弊给予留校察看处分。","对 | 错","错"
"新生和在校学生应征参加中国人民武装警察部队，学校应当保留其入学资格或者学籍至退役后1年。","对 | 错","错"
"学生违反操作或擅自动用贵重仪器设备或其他仪器设备造成损失的，必须做出书面检查，承担赔偿责任。","对 | 错","对"
"学业测评成绩=（平均学分绩点+5）×10（平均学分绩点以教务部门提供的数据为准），学业测评范围包括该学期除校选课以外的所有课程。","对 | 错","对"
"代写论文、买卖论文的，给予开除学籍处分。","对 | 错","对"
"学生每学期必须按时注册，未缴纳学费不予注册，家庭经济困难学生可以申请资助后注册。","对 | 错","对"
"福州大学校训是()","明德至诚，博学笃志 | 明德至善，博学远志 | 明德至诚，博学远志 | 至诚至善，博学笃志","明德至诚，博学远志"
"根据《福州大学学生住宿管理办法》，住校学生严禁在宿舍内饲养()。","花草 | 宠物 | 鱼类 | 乌龟","宠物"
"学生已修读的必修课中，课程考核不及格的学分数累计达到（）学分，给予学业危机警告。","10 | 15 | 20 | 25","20"
"退学学生的档案由学校退回其（）。","原单位 | 学校所在地 | 家庭所在地 | 户籍所在地","户籍所在地"
"接收大一学生转专业人数原则上不超过该专业入学时实际招生数的（）。","10% | 15% | 20% | 25%","20%"
"本科生国家奖学金的奖励标准为每人每年（）元。","8000 | 10000 | 12000 | 15000","10000"
"学生未经批准连续（）未参加学校规定的教学活动者，予以退学。","一周 | 两周 | 三周 | 一个月","两周"
"优秀学生综合奖学金二等奖学金评定标准为学期综合测评名次在本专业学生前（）。","10% | 20% | 30% | 40%","20%"
"学生在学校考试中冒名代替他人考试的，给予（）处分。","记过 | 留校察看 | 开除学籍 | 严重警告","留校察看"
"申请免听某门课程的学生，上一学期平均学分绩点应在（）及以上。","2.5 | 2.8 | 3.0 | 3.5","3.0"
"毕业时，学生体质健康测试成绩达不到（）分者按结业处理。","40 | 45 | 50 | 60","50"
"一学期累计旷课达（）学时者，给予警告处分。","5 | 8 | 10 | 15","10"
"在考试过程中用通讯设备或其他器材进行作弊的，给予（）处分。","记过 | 严重警告 | 留校察看 | 开除学籍","留校察看"
"博士学位答辩委员会组成人员应当不少于五人，其中学位授予单位以外的专家应当不少于（）人。","一 | 二 | 三 | 四","二"
"第二次及以后重新学习课程的成绩绩点均记为1。","2.0 | 1.7 | 1.5 | 1.0","1.0"
"未经批准连续（）未参加学校规定的教学活动者，予以退学。","一周 | 十天 | 两周 | 一个月","两周"
"福州大学五年制本科学生最长修业年限为（）","5 年 | 6 年 | 7 年 | 8 年","7 年"
"考试作弊情节严重，学校可以给予开除学籍处分的情形有（）。","代替他人或者让他人代替自己参加考试 | 组织作弊 | 使用通讯设备作弊牟取利益 | 考试迟到","代替他人或者让他人代替自己参加考试 | 组织作弊 | 使用通讯设备作弊牟取利益"
"毕业设计（论文）学生应当遵守（）。","恪守学术道德独立完成 | 引用内容注明出处 | 可以直接复制他人成果 | 校外做毕设也要遵守单位规章制度","恪守学术道德独立完成 | 引用内容注明出处"
"根据《福州大学学生管理规定》，关于辅修专业，以下说法正确的有()。","学生可以申请辅修校内其他专业 | 可以申请跨校辅修专业 | 辅修课程成绩（学分）经教务处审核同意后予以认定 | 对完成辅修要求的学生，学校发给辅修专业证书","学生可以申请辅修校内其他专业 | 可以申请跨校辅修专业 | 辅修课程成绩（学分）经教务处审核同意后予以认定 | 对完成辅修要求的学生，学校发给辅修专业证书"
"退宿原则上基于以下哪些情况？","学生家住福州市（以户籍为准），距离学校15公里以内的 | 因身心健康问题，医院出具证明需单独住宿且有学生监护人或家人陪读者 | 研究生确因学业需要赴校外单位实验、实习及实践的 | 学生个人申请住宿条件不习惯的","学生家住福州市（以户籍为准），距离学校15公里以内的 | 因身心健康问题，医院出具证明需单独住宿且有学生监护人或家人陪读者 | 研究生确因学业需要赴校外单位实验、实习及实践的"
"申请国家奖学金的基本条件包括（）。","具有中华人民共和国国籍 | 热爱社会主义祖国，拥护中国共产党的领导 | 遵守宪法和法律，遵守学校规章制度 | 诚实守信，道德品质优良","具有中华人民共和国国籍 | 热爱社会主义祖国，拥护中国共产党的领导 | 遵守宪法和法律，遵守学校规章制度 | 诚实守信，道德品质优良"
"以下关于学生宿舍管理的说法，正确的有（）。","住宿生未经批准，私自在校外租房住，给予记过处分 | 未经请假彻夜不归，初犯者给予警告处分 | 无故晚归或冒名顶替晚点名者，给予通报批评，屡教不改者给予警告或严重警告处分 | 在学生宿舍内饲养宠物，经劝阻无效者，给予警告处分","住宿生未经批准，私自在校外租房住，给予记过处分 | 未经请假彻夜不归，初犯者给予警告处分 | 无故晚归或冒名顶替晚点名者，给予通报批评，屡教不改者给予警告或严重警告处分 | 在学生宿舍内饲养宠物，经劝阻无效者，给予警告处分"
"学生有下列哪些行为，认定为考试违规并给予相应处分？","携带规定以外的物品进入考场，未按监考人员要求放在指定位置的，给予警告处分 | 未在规定的座位参加考试的，给予警告处分 | 考试开始信号发出前答题或者考试结束信号发出后继续答题的，给予警告处分 | 在考场或者学校禁止的范围内，喧哗、吸烟或者实施其它影响考场秩序行为的，给予警告处分","携带规定以外的物品进入考场，未按监考人员要求放在指定位置的，给予警告处分 | 未在规定的座位参加考试的，给予警告处分 | 考试开始信号发出前答题或者考试结束信号发出后继续答题的，给予警告处分 | 在考场或者学校禁止的范围内，喧哗、吸烟或者实施其它影响考场秩序行为的，给予警告处分"
"福州大学的校训是（）。","明德 | 至诚 | 博学 | 笃行 | 远志","明德 | 至诚 | 博学 | 远志"
"根据《福州大学本科生综合素质评价参考细则》，德育素质测评基础性测评的观测点包括（）。","认真学习贯彻习近平新时代中国特色社会主义思想 | 热爱母校，秉承“明德至诚 博学远志”校训，积极践行福州大学“三种精神” | 遵守宪法、法律、法规，遵守公民基本道德规范 | 尊敬师长，团结同学，关心集体，有较强的集体荣誉感 | 每学期至少参加一次校外兼职","认真学习贯彻习近平新时代中国特色社会主义思想 | 热爱母校，秉承“明德至诚 博学远志”校训，积极践行福州大学“三种精神” | 遵守宪法、法律、法规，遵守公民基本道德规范 | 尊敬师长，团结同学，关心集体，有较强的集体荣誉感"
"根据《福州大学本科生综合素质评价参考细则》，以下哪些情况属于宿舍违纪扣分行为？","无故迟到早退 | 夜不归宿 | 保管或使用违规电器 | 在宿舍或教室吸烟 | 留宿非本宿舍人员 | 按时熄灯就寝","无故迟到早退 | 夜不归宿 | 保管或使用违规电器 | 在宿舍或教室吸烟 | 留宿非本宿舍人员"
"下列关于日常学生违纪违规（课堂秩序）但尚未达到处分程度的扣分标准的说法，正确的是（）。","无故旷课扣0.1分/节 | 无故迟到早退扣0.1分/次 | 冒名顶替课堂点名扣0.1分/次 | 课堂喧哗扣0.1分/次","无故迟到早退扣0.1分/次 | 冒名顶替课堂点名扣0.1分/次"
"网络突发预案立足于防范和消除以下（）紧急情况的发生。","校园网页被恶意纂改 | 信息服务板块发表反政府、分裂国家和色情等内容 | 网络用户发布或阅读有害信息和言论 | 个别学生校园网无法正常登录使用","校园网页被恶意纂改 | 信息服务板块发表反政府、分裂国家和色情等内容 | 网络用户发布或阅读有害信息和言论"
"学生不得从事下列（）危害校园网络安全的活动，违者视情节轻重给予严重警告以上处分。","故意破坏学校网络设备和网络设施的 | 未经允许，私自接入网络设备 | 未经允许，为他人提供网络接入服务者的 | 未经允许，私自架设服务器提供各类服务的","故意破坏学校网络设备和网络设施的 | 未经允许，私自接入网络设备 | 未经允许，为他人提供网络接入服务者的 | 未经允许，私自架设服务器提供各类服务的"
"学生有下列情形之一，学校可以给予开除学籍处分（）。","触犯国家法律，构成刑事犯罪的 | 代替他人或者让他人代替自己参加考试的 | 组织作弊的 | 代写论文、买卖论文的","触犯国家法律，构成刑事犯罪的 | 代替他人或者让他人代替自己参加考试的 | 组织作弊的 | 代写论文、买卖论文的"
"对于（）等课程，学生不得申请免听与免修。","思想政治理论课 | 体育 | 军事理论 | 专业选修课","思想政治理论课 | 体育 | 军事理论"
"新生入学复查包含下面哪些内容（）","录取手续是否合规 | 考生身份档案与本人是否一致 | 身心健康是否符合专业体检要求 | 学生家庭经济条件","录取手续是否合规 | 考生身份档案与本人是否一致 | 身心健康是否符合专业体检要求"
"以下哪些行为属于学术不端行为（）","论文抄袭 | 篡改实验数据 | 代写论文 | 引用文献规范标注出处","论文抄袭 | 篡改实验数据 | 代写论文"
"根据福州大学学生住宿管理办法，下面属于违规电器的有（）","电煮锅、电热毯 | 电脑、台灯 | 大功率取暖器 | 吹风机（非临时使用）","电煮锅、电热毯 | 大功率取暖器 | 吹风机（非临时使用）"
"学生申诉期内，不停止原处分决定的执行。","对 | 错","对"
"学生参加缓考，缓考不及格不再安排补考，必须重修。","对 | 错","对"
"大四本科生可以申请转专业。","对 | 错","错"
"一学期累计旷课达30学时的，给予记过处分。","对 | 错","对"
"学生参加勤工助学的时间每月不超过40小时。","对 | 错","对"
"学生宿舍内允许使用电热水壶，但必须是3C认证产品。","对 | 错","对"
"学生在校期间只允许辅修一个专业。","对 | 错","对"
"解除处分后，学生获得表彰、奖励及其他权益，不再受原处分的影响。","对 | 错","对"
"学生选课后，因故不能参加课程学习的，应在规定时间内办理退选手续。","对 | 错","对"
"通过补考后所获得的及格以上成绩，成绩绩点均记为1。","对 | 错","对"
"在评定学期中有所修习课程不及格的，仍可参评各类奖学金。","对 | 错","错"
"休学学生在休学期间不保留宿舍床位，复学后可重新办理入住手续。","对 | 错","对"
"经批准退学的学生必须在学校退学决定下达后一个月之内办理好所有离校手续。","对 | 错","对"
"以魏可镁院士为代表的是艰苦奋斗的创业精神。","对 | 错","错"
"提前毕业的时间原则上不超过两年。","对 | 错","错"
"休学学生在休学期间保留宿舍床位。","对 | 错","错"
"学位评定委员会主席由学位授予单位主要行政负责人担任。","对 | 错","对"
"吸毒者视其情节轻重给予留校察看以上处分，贩毒者给予开除学籍处分。","对 | 错","对"
"在校内组织传销、参与邪教、极端宗教主义活动的，给予警告处分。","对 | 错","错"
"休学学生在校外发生意外事故，学校不承担责任。","对 | 错","对"
"学生集体外出活动，需要履行审批手续。","对 | 错","对"
"毕业时，学生体质健康测试成绩达不到()分者按结业处理。","45 | 55 | 50 | 60","50"
"福州大学学生上课迟到、早退()次折算为旷课1学时。","2 | 4 | 5 | 3","4"
"学生应当遵守国家和学校关于网络使用的有关规定，不得()","登录非法网站和传播非法文字、音频、视频资料 | 编造或者传播虚假、有害信息 | 得攻击、侵入他人计算机和移动通讯网络系统 | 以上都","以上都"
"福州大学的校训是()。","明德至诚，博学远志 | 自强不息，厚德载物 | 求是创新，知行合一 | 团结勤奋，严谨求实","明德至诚，博学远志"
"根据《福州大学勤工助学管理办法》，学生参加勤工助学的时间原则上每周不超过()小时。","6 | 8 | 10 | 12","8"
"学生对学校的处理或者处分决定有异议的，可以在接到学校处理或者处分决定书之日起（）内向学校学生申诉处理委员会提出书面申诉。","5日 | 10日 | 15日 | 30日","10日"
"申请修读辅修专业的学生，主修专业已修课程平均学分绩点原则上应不低于（）。","1.5 | 2.0 | 2.5 | 3.0","2.0"
"除开除学籍处分外，给予学生处分一般应当设置（）期限。","3到6个月 | 6到12个月 | 9到15个月 | 12到18个月","6到12个月"
"新生因疾病申请保留入学资格的，可保留入学资格（）。","半年至1年 | 1至2年 | 2至3年 | 1年","1至2年"
"学生每学期修读课程学分一般不宜低于15学分，也不宜超过（）学分。","25 | 28 | 30 | 35","30"
"学生缴费后入住未满一个月后退宿的，按收费标准的（）予以清退住宿费。","90% | 80% | 50% | 不予清退","80%"
"学生对学校的处理或者处分决定有异议的，可以在接到学校处理或者处分决定书之日起（）日内，向学校学生申诉处理委员会提出书面申诉。","15 | 14 | 10 | 7","10"
"拟修读辅修专业的学生在入学半年后的每一个学期均可提出申请，申请修读的学生主修专业已修课程平均学分绩点原则上应不低于2.0。","3.0 | 2.3 | 2.0 | 1.7","2.0"
"毕业时，学生体质健康测试成绩达不到（）者按结业处理。","60分 | 50分 | 40分 | 45分","50分"
"留校察看处分的延长期为（）。","3个月 | 6个月 | 9个月 | 12个月","6个月"
"本科生国家奖学金的奖励标准为每人每年（）元。","6000 | 8000 | 10000 | 12000","10000"
"福州大学四年制本科学生最长修业年限为（）","4 年 | 5 年 | 6 年 | 7 年","6 年"
"本科生每学期修读课程学分一般不宜低于 15 学分，不宜超过（）学分","20 | 25 | 30 | 35","30"
"退学学生在校学习满 1 学年以上，学校发给（）","结业证书 | 肄业证书 | 毕业证书 | 写实性学习证明","肄业证书"
"下面哪些课程不允许申请免听、免修（）。","思想政治理论课 | 体育、军事理论 | 毕业设计（论文） | 部分专业选修课（符合条件可申请）","思想政治理论课 | 体育、军事理论 | 毕业设计（论文）"
"综合素质评价包含下面哪些维度（）。","德育素质测评 | 智育素质测评 | 体育素质测评 | 美育、劳育素质测评","德育素质测评 | 智育素质测评 | 体育素质测评 | 美育、劳育素质测评"
"学生办理缓考需要满足的条件（）。","考核前提交申请 | 提供疾病或者特殊原因证明 | 考试结束后再申请 | 补考可以申请缓考","考核前提交申请 | 提供疾病或者特殊原因证明"
"下面属于学生住宿管理办法中禁止行为（）。","出租床位 | 私自调换床位 | 电动车电池带入宿舍充电 | 爱护宿舍公共设施","出租床位 | 私自调换床位 | 电动车电池带入宿舍充电"
"根据《福州大学授予普通全日制学生学士学位工作细则》，符合下列哪些条件的学生可授予学士学位？()","必须获得国家级竞赛奖励 | 在允许的修业年限内完成本专业培养方案规定的各项要求，通过毕业环节审查，经审核准予毕业 | 在本学科或者专业领域较好地掌握基础理论、专门知识和基本技能 | 拥护中国共产党的领导，遵守宪法和法律，遵守学术道德和学术规范","在允许的修业年限内完成本专业培养方案规定的各项要求，通过毕业环节审查，经审核准予毕业 | 在本学科或者专业领域较好地掌握基础理论、专门知识和基本技能 | 拥护中国共产党的领导，遵守宪法和法律，遵守学术道德和学术规范"
"新生入学后，学校在3个月内按照国家招生规定进行复查，复查内容主要包括以下哪些方面？","录取手续及程序等是否合乎国家招生规定 | 所获得的录取资格是否真实、合乎相关规定 | 本人及身份证明与录取通知、考生档案等是否一致 | 身心健康状况是否符合报考专业或者专业类别体检要求，能否保证在校正常学习、生活","录取手续及程序等是否合乎国家招生规定 | 所获得的录取资格是否真实、合乎相关规定 | 本人及身份证明与录取通知、考生档案等是否一致 | 身心健康状况是否符合报考专业或者专业类别体检要求，能否保证在校正常学习、生活"
"五育素质测评包括以下哪些方面？","德育素质测评 | 智育素质测评 | 体育素质测评 | 美育素质测评和劳育素质测评","德育素质测评 | 智育素质测评 | 体育素质测评 | 美育素质测评和劳育素质测评"
"学校对学生给予纪律处分的种类包括（）。","警告 | 严重警告 | 记过 | 留校察看 | 开除学籍","警告 | 严重警告 | 记过 | 留校察看 | 开除学籍"
"学生违法违纪后，有下列哪些情形之一，可以从轻或者减轻处分？","主动交代本人违法违纪行为，有明显悔改表现的 | 主动挽回损失或者有效阻止危害结果发生的 | 主动退出违法违纪所得的 | 有其他立功表现的","主动交代本人违法违纪行为，有明显悔改表现的 | 主动挽回损失或者有效阻止危害结果发生的 | 主动退出违法违纪所得的 | 有其他立功表现的"
"课程考核成绩记录方式包括以下哪几种？","百分制 | 五级制 | 二级制","百分制 | 五级制 | 二级制"
"宿舍中下列哪些电器属于违规电器？","电热棒 | 电炉 | 电热毯 | 电饭煲","电热棒 | 电炉 | 电热毯 | 电饭煲"
"学生缴费注册后因故终止学业的，住宿费按以下哪些规定清退？","开学两周内的不收费 | 缴费后入住未满一个月的，退还80% | 缴费后入住超过一个月至一个学期的，退还50% | 缴费后入住超过一个学期的，不予清退","开学两周内的不收费 | 缴费后入住未满一个月的，退还80% | 缴费后入住超过一个月至一个学期的，退还50% | 缴费后入住超过一个学期的，不予清退"
"根据《福州大学考场规则》，以下哪些行为属于考试违规行为？","携带手机进入考场 | 考试中交头接耳、左顾右盼 | 夹带与考试内容相关的材料 | 考试宣布结束时继续答题 | 将试卷和草稿纸带走 | 按指定座位入座参加考试","携带手机进入考场 | 考试中交头接耳、左顾右盼 | 夹带与考试内容相关的材料 | 考试宣布结束时继续答题 | 将试卷和草稿纸带走"
"处分决定书应当包括下列哪些内容（）。","学生的基本信息 | 作出处分的事实和证据 | 处分的种类、依据、期限 | 学生家长的工作单位和联系方式","学生的基本信息 | 作出处分的事实和证据 | 处分的种类、依据、期限"
"关于学生退宿，以下说法正确的是（）。","学生家住福州市（以户籍为准），距离学校15公里以内的可申请退宿 | 因身心健康问题，医院出具证明需单独住宿且有监护人陪读者可申请退宿 | 每学期最后一个月为退宿集中办理期 | 退宿学生一年内不得提出重新住宿申请","学生家住福州市（以户籍为准），距离学校15公里以内的可申请退宿 | 因身心健康问题，医院出具证明需单独住宿且有监护人陪读者可申请退宿 | 每学期最后一个月为退宿集中办理期 | 退宿学生一年内不得提出重新住宿申请"
"学生宿舍内可正常使用的电器有（）。","电脑 | 电水壶 | 台灯 | 电磁炉","电脑 | 电水壶 | 台灯"
"下列关于学生宿舍住宿费清退标准的说法，正确的有（）。","缴费后未入住的，按收费标准的90%予以清退 | 缴费后入住未满一个月的，按收费标准的80%予以清退 | 缴费后入住超过一个月至一个学期（含读完一个学期）的，按收费标准的50%予以清退 | 被开除学籍的，其学年的住宿费不予清退","缴费后未入住的，按收费标准的90%予以清退 | 缴费后入住未满一个月的，按收费标准的80%予以清退 | 缴费后入住超过一个月至一个学期（含读完一个学期）的，按收费标准的50%予以清退 | 被开除学籍的，其学年的住宿费不予清退"
"学生在校期间应当履行的义务有（）","遵守宪法法律法规 | 恪守学术道德，完成规定学业 | 按规定缴纳学费及相关费用 | 完全服从学校所有安排，不能提出意见","遵守宪法法律法规 | 恪守学术道德，完成规定学业 | 按规定缴纳学费及相关费用"
"下面哪些情况，本科生不具备参评各类奖学金资格（）","处分期内受警告以上处分 | 休学保留学籍 | 修读课程存在不及格（任选课除外） | 成绩专业排名前 10%，无违纪","处分期内受警告以上处分 | 休学保留学籍 | 修读课程存在不及格（任选课除外）"
"休学创业学生，休学时间不计入最长修业年限。","对 | 错","错"
"应征入伍学生，可以保留学籍至退役后2年。","对 | 错","对"
"学生可以私自在校外兼职，这也属于学校勤工助学管理范畴。","对 | 错","错"
"福州大学校训是“明德至诚，博学远志”。","对 | 错","对"
"缓考申请必须在该课程考核前提出。","对 | 错","对"
"对学校的处理或者处分决定有异议的，可以在接到决定书之日起15日内向学生申诉处理委员会提出申诉。","对 | 错","错"
"学生不得有酗酒、打架斗殴、赌博、吸毒，传播、复制、贩卖非法书刊和音像制品等违法行为。","对 | 错","对"
"学生入学后，学校应当在3个月内按照国家招生规定进行复查。","对 | 错","对"
"累计休学时间不得超过2年。","对 | 错","对"
"有两种以上应当受到纪律处分的违纪行为，分别处理，各自执行。","对 | 错","错"
"学生严重违反考核纪律或者作弊的，该课程考核成绩记为无效。因此缘由被给予警告、严重警告、记过及留校察看处分的，经教育表现较好，可以对该课程给予补考或者重修机会。","对 | 错","对"
"课程考核分考试和考查，课程考核成绩记录方式包括百分制和五级制两种。","对 | 错","错"
"选修课不及格者，不安排补考，可选择重新学习或改修其它规定的课程","对 | 错","对"
"学生未办理请假等有关手续而缺课的学时数，超过该门课程教学计划时数的1/3者，取消其参加该课程考核资格。","对 | 错","对"
"退宿学生一年内不得提出重新住宿申请。","对 | 错","对"
"受开除学籍处分的学生，由学校发给肄业证书。","对 | 错","错"
"退役复学的学生，申请转专业同等条件优先考虑。","对 | 错","对"
"结业的学生，在规定修业年限内重修课程合格，可以换发毕业证书，发证日期为换证日期。","对 | 错","对"
"除开除学籍外，处分到期自动解除，解除后评奖评优不受原处分影响。","对 | 错","对"
"4.经学校指定()医院诊断，患有疾病或者意外伤残无法继续在校学习者，予以退学。","三级甲等以上 | 一级甲等以上 | 一级甲等以下 | 二级甲等以上","二级甲等以上"
"新生因故不能按期入学的，应当向学校()","退学 | 休学 | 请假 | 注销学籍","请假"
"《中华人民共和国学位法》自()起施行。","2024年5月1日 | 2024年9月1日 | 2025年1月1日 | 2025年9月1日","2025年1月1日"
"学生对退学决定有异议的，可以按()规定提出申诉。","第四章 | 第五章 | 第六章 | 第七章","第六章"
"学生转学，跨省转学的，由转出地省级教育行政部门商转入地省级教育行政部门确认后办理手续。转学完成后()个月内，由转入学校报所在地省级教育行政部门备案。","1 | 2 | 3 | 6","3"
"普通高等学校学生管理规定自（）起施行。","2017年9月1日 | 2016年9月1日 | 2018年9月1日 | 2019年9月1日","2017年9月1日"
"上一学期平均学分绩点在（）及以上的学生可申请免听某门课程。","2.5 | 2.8 | 3.0 | 3.5","3.0"
"学生每学期修读课程的学分一般不宜低于（）学分。","10 | 15 | 20 | 25","15"
"学生考试开始信号发出前答题或者考试结束信号发出后继续答题的，给予（）处分。","警告 | 严重警告 | 记过 | 留校察看","警告"
"在一学期内请事假时间累计不得超过（）。","两周 | 三周 | 一个月 | 两个月","一个月"
"在一学期内请病假时间累计超过全学期学习周数的（）的，按休学处理。","1/2 | 1/3 | 1/4 | 1/5","1/2"
"留校察看处分的察看期为（）个月，延长期为6个月。","12 | 9 | 6 | 3","12"
"通过补考后所获得的及格以上（含及格）成绩，成绩绩点均记为（）。","2.0 | 1.3 | 1.0 | 0.0","1.0"
"学生已修读的必修课中，课程考核不及格的学分数累计达到（），给予学业危机警告。","10学分 | 15学分 | 20学分 | 30学分","20学分"
"福州大学本科学生，病假 3 天以内，审批权限是（）","辅导员 | 分管院领导 | 教务处 | 学生处","辅导员"
"学生申诉处理委员会的组成包含（）。","学校职能部门负责人 | 教师代表 | 学生代表 | 学校相关负责人","学校职能部门负责人 | 教师代表 | 学生代表 | 学校相关负责人"
"福州大学学生宿舍内，下列哪些行为是被禁止的？()","饲养宠物 | 擅自调换、出租床位 | 按时熄灯休息 | 留宿非本宿舍成员 | 私拉电线、使用违规电器","饲养宠物 | 擅自调换、出租床位 | 留宿非本宿舍成员 | 私拉电线、使用违规电器"
"根据《福州大学学生文化科技创新创业奖学金实施细则》，学科竞赛的等级分为()。","A+ | A | A- | B、C","A+ | A | A- | B、C"
"学生在校期间依法享有下列哪些权利？","参加学校教育教学计划安排的各项活动，使用学校提供的教育教学资源 | 参加社会实践、志愿服务、勤工助学、文娱体育及科技文化创新等活动，获得就业创业指导和服务 | 申请奖学金、助学金及助学贷款 | 在思想品德、学业成绩等方面获得科学、公正评价，完成学校规定学业后获得相应的学历证书、学位证书","参加社会实践、志愿服务、勤工助学、文娱体育及科技文化创新等活动，获得就业创业指导和服务 | 申请奖学金、助学金及助学贷款 | 在思想品德、学业成绩等方面获得科学、公正评价，完成学校规定学业后获得相应的学历证书、学位证书 | 参加学校教育教学计划安排的各项活动，使用学校提供的教育教学资源"
"学校对学生予以表彰和奖励，以及确定（）等赋予学生利益的行为，应当建立公开、公平、公正的程序和规定。","推荐免试研究生 | 国家奖学金 | 公派出国留学人选 | 优秀学生干部","推荐免试研究生 | 国家奖学金 | 公派出国留学人选"
"综合素质评价内容主要由以下哪些部分组成？","学业测评成绩 | 五育素质（德智体美劳）测评成绩 | 负面评价分 | 社会实践成绩","学业测评成绩 | 五育素质（德智体美劳）测评成绩 | 负面评价分"
"国家励志奖学金的基本申请条件包括（）。","具有中华人民共和国国籍 | 热爱祖国，拥护中国共产党的领导 | 遵守宪法和法律，遵守学校规章制度 | 诚实守信，道德品质优良 | 家庭经济困难，生活俭朴","具有中华人民共和国国籍 | 家庭经济困难，生活俭朴 | 热爱祖国，拥护中国共产党的领导 | 诚实守信，道德品质优良 | 遵守宪法和法律，遵守学校规章制度"
"学生不得利用网络制作、复制、查阅和传播下列哪些信息？","煽动颠覆国家政权，推翻社会主义制度的 | 煽动民族仇恨、民族歧视，破坏民族团结的 | 危害国家安全，泄露国家秘密的 | 散布谣言，损害国家机关声誉或扰乱社会秩序的","煽动颠覆国家政权，推翻社会主义制度的 | 煽动民族仇恨、民族歧视，破坏民族团结的 | 危害国家安全，泄露国家秘密的 | 散布谣言，损害国家机关声誉或扰乱社会秩序的"
"学位评定委员会履行下列哪些职责（）。","审议本单位学位授予的实施办法和具体标准 | 作出授予、不授予、撤销相应学位的决议 | 研究处理学位授予争议 | 受理与学位相关的投诉或者举报","作出授予、不授予、撤销相应学位的决议 | 受理与学位相关的投诉或者举报 | 审议本单位学位授予的实施办法和具体标准 | 研究处理学位授予争议"
"学校实行学生学业预警制度，以下说法正确的是（）。","必修课不及格累计达20学分给予学业危机警告 | 一学期必修课不及格累计超过10学分给予学业危机警告 | 必修课不及格累计达30学分由学院劝其退学 | 选修课不及格学分也计入学业预警学分","一学期必修课不及格累计超过10学分给予学业危机警告 | 必修课不及格累计达20学分给予学业危机警告 | 必修课不及格累计达30学分由学院劝其退学"
"学生有下列哪些行为之一，视其情节轻重，给予记过以上处分（）。","违反宪法，反对四项基本原则 | 组织、成立、加入非法社会团体或组织 | 泄漏国家秘密，造成后果 | 散布、传播反动言论、虚假信息，造成不良影响","违反宪法，反对四项基本原则 | 组织、成立、加入非法社会团体或组织 | 泄漏国家秘密，造成后果 | 散布、传播反动言论、虚假信息，造成不良影响"
"申请国家奖学金需要在参评学年获得（）等校级以及上综合类荣誉称号至少1次。","优秀共产党员 | 优秀共青团员 | 大学生年度人物 | 志愿汇1星级志愿者","优秀共产党员 | 优秀共青团员 | 大学生年度人物"
"劳育素质测评（E），发展性测评（E2）中规定积极参加（）的，加0.4分/次。","学校组织的“劳模、工匠进校园”劳动教育主题讲座 | 三下乡寒暑假社会实践 | “青年爱劳动”等劳动成果展示 | 课外劳动实践活动","学校组织的“劳模、工匠进校园”劳动教育主题讲座 | “青年爱劳动”等劳动成果展示 | 课外劳动实践活动"
"福州大学是()","国家“211工程”重点建设大学 | 教育部直属高校 | 福建省人民政府与国家教育部共建高校 | 国家“双一流”建设高校","国家“211工程”重点建设大学 | 福建省人民政府与国家教育部共建高校 | 国家“双一流”建设高校"
"下列考试违规行为中，给予警告处分的有（）。","携带规定以外的物品进入考场，未按监考人员要求放在指定位置的 | 未在规定的座位参加考试的 | 考试开始信号发出前答题或者考试结束信号发出后继续答题的 | 在考试过程中用通讯设备或其他器材进行作弊的","携带规定以外的物品进入考场，未按监考人员要求放在指定位置的 | 未在规定的座位参加考试的 | 考试开始信号发出前答题或者考试结束信号发出后继续答题的"
"转专业每学年办理一次，学生可以在（）末自主申请转专业。","第一学期 | 第二学期 | 第三学期 | 第五学期","第一学期 | 第三学期 | 第五学期"
"勤工助学岗位按照岗位性质可分为（）。","固定岗位 | 临时岗位 | 项目型岗位 | 终身岗位","固定岗位 | 临时岗位 | 项目型岗位"
"关于毕业班学生会餐，下列说法正确的有（）。","学院组织毕业班学生会餐应报学院院长或书记审批 | 会餐应在21：45前结束 | 毕业会餐一律不得饮用较高度数酒 | 会餐时间可延长至次日凌晨","学院组织毕业班学生会餐应报学院院长或书记审批 | 会餐应在21：45前结束 | 毕业会餐一律不得饮用较高度数酒"
"下列关于缓考的说法，正确的有（）。","缓考申请必须在该课程考核前提出 | 同一门课程只能申请缓考一次 | 一学期一般只能申请缓考2门课程 | 补考不能申请缓考","一学期一般只能申请缓考2门课程 | 同一门课程只能申请缓考一次 | 缓考申请必须在该课程考核前提出 | 补考不能申请缓考"
"学生在学期间因特殊情况需要退宿的，退宿原则上基于的情况包括（）。","学生家住福州市（以户籍为准），距离学校15公里以内的 | 因身心健康问题，医院出具证明需单独住宿且有学生监护人或家人陪读的 | 研究生确因学业需要赴校外单位实验、实习及实践的 | 学生个人喜欢独自居住的","因身心健康问题，医院出具证明需单独住宿且有学生监护人或家人陪读的 | 学生家住福州市（以户籍为准），距离学校15公里以内的 | 研究生确因学业需要赴校外单位实验、实习及实践的"
"学生可以申请对已经及格的课程重新修读，每学期最多2门。","对 | 错","对"
"保留学籍的学生，依然享受在校学习学生全部待遇。","对 | 错","错"
"学生缺课超过课程教学计划1/3，会被取消课程考核资格。","对 | 错","对"
"学生未请假或者请假逾期的，除因不可抗力等正当事由以外，视为放弃入学资格。","对 | 错","对"
"给予学生警告至记过处分，处分期内没有新的违纪行为，处分期限届满时自动解除。","对 | 错","对"
"考试中旁窥、交头接耳、打暗号或者手势的，给予记过处分。","对 | 错","对"
"同一学年内，获得国家奖学金的家庭经济困难学生可以同时申请并获得国家励志奖学金。","对 | 错","错"
"学生可以携带手机进入考场，但需放在指定位置。","对 | 错","错"
"教室可以借用给校外企事业单位开展商业培训活动。","对 | 错","错"
"学生团体邀请校外组织、人员到校举办讲座等活动，需经学校批准。","对 | 错","对"
"思想政治理论课可以申请免听。","对 | 错","错"
"新生保留入学资格期间，具有学校学籍。","对 | 错","错"
"学生申诉期间，停止执行原处分决定。","对 | 错","错"
"在国家考试中替考，学校可以给予开除学籍处分。","对 | 错","对"
"学生在修业年限内因个人原因申请休学或者学校认为应当休学的（包括疑似精神疾病或心理问题较为严重，可能对本人及他人造成伤害等情形，学校认为暂时不宜在校学习者），经学校批准，可以休学。学生休学中断学习时间以一学年或者一学期为期，累计休学时间不得超过()年。","1年 | 2年 | 3年 | 半年","2年"
"福州大学新生因疾病申请保留入学资格的，可保留入学资格()年。","1 | 1至2 | 2至3 | 3","1至2"
"7.学生不得有()行为。","进行邪教、封建迷信活动 | 打架斗殴 | 非法传销 | 以上都","以上都"
"学生休学期满，应于学期开学前向所在学院提交复学书面申请，因病休学者须持（）以上医院病情诊断证明。","一级甲等 | 二级甲等 | 三级甲等 | 三级乙等","二级甲等"
"休学创业学生的修业年限在原有学制基础上可申请延长（）年。","1至2 | 2至4 | 3至5 | 4至6","2至4"
"学生一学期申请免听的课程数一般不得超过（）门。","一 | 二 | 三 | 四","二"
"学生对学校的处理或者处分决定有异议的，可以在接到处理或者处分决定书之日起（）日内提出书面申诉。","5 | 7 | 10 | 15","10"
"学生请病假三天及三天以内的，由（）批准。","辅导员 | 分管院领导 | 院长 | 教务处","辅导员"
"一学期累计旷课达40学时以上者，给予（）处分。","严重警告 | 记过 | 留校察看 | 开除学籍","留校察看"
"学生入学后，学校应当在（）个月内按照国家招生规定开展新生复查。","1 | 2 | 3 | 6","2"
"毕业时体质健康测试成绩低于（）分，按结业处理（病残除外）","50 | 60 | 70 | 80","50"
"辅修专业总学分控制在（）学分","30‑35 | 35‑40 | 42‑45 | 48‑52","42‑45"
"学生在校期间依法享有的权利包含（）。","参加学校教育教学计划安排的各项活动，使用学校教育教学资源 | 申请奖学金、助学金及助学贷款 | 对学校处理处分有异议可以提出申诉 | 可以不遵守学校部分规章制度","参加学校教育教学计划安排的各项活动，使用学校教育教学资源 | 申请奖学金、助学金及助学贷款 | 对学校处理处分有异议可以提出申诉"
"学生有下列哪些情形之一的，不得转学？()","高考成绩低于拟转入学校相关专业同一生源地相应年份录取成绩的 | 由低学历层次转为高学历层次的 | 入学未满一学期或者毕业前一年的 | 因患病不适应本校学习要求的","高考成绩低于拟转入学校相关专业同一生源地相应年份录取成绩的 | 由低学历层次转为高学历层次的 | 入学未满一学期或者毕业前一年的"
"根据《普通高等学校学生管理规定》，学生在校期间依法享有哪些权利？","参加学校教育教学计划安排的各项活动 | 申请奖学金、助学金及助学贷款 | 对学校给予的处理或者处分有异议，向学校提出申诉 | 按规定缴纳学费及有关费用","参加学校教育教学计划安排的各项活动 | 申请奖学金、助学金及助学贷款 | 对学校给予的处理或者处分有异议，向学校提出申诉"
"根据《福州大学学生管理规定》，学生有下列哪些行为，视情节给予严重警告至记过处分？","酗酒（醉酒）造成不良影响 | 酒后滋事 | 在学生宿舍及其它禁烟区吸烟，经批评教育不改 | 吸毒","酗酒（醉酒）造成不良影响 | 酒后滋事 | 在学生宿舍及其它禁烟区吸烟，经批评教育不改"
"根据《福州大学学生管理规定》，关于学生纪律处分的权限和程序，以下说法正确的有()。","警告、严重警告、记过处分由学院查证后报学生工作部（处）审批 | 留校察看处分由校学生违纪处分委员会审理决定 | 开除学籍处分需提交校长办公会或者校长授权的专门会议研究决定 | 所有处分决定均需事先进行合法性审查","警告、严重警告、记过处分由学院查证后报学生工作部（处）审批 | 留校察看处分由校学生违纪处分委员会审理决定 | 开除学籍处分需提交校长办公会或者校长授权的专门会议研究决定"
"根据《普通高等学校学生管理规定》，学校对学生予以表彰和奖励，以及确定推荐免试研究生、国家奖学金、公派出国留学人选等，应当()。","建立公开、公平、公正的程序和规定 | 建立和完善相应的选拔、公示等制度 | 可以不公示 | 由学校领导直接决定","建立公开、公平、公正的程序和规定 | 建立和完善相应的选拔、公示等制度"
"有下列哪些严重作弊或扰乱考试秩序行为的，学校可以给予开除学籍处分？","代替他人或者让他人代替自己参加考试 | 组织作弊 | 使用通讯设备或其他器材作弊 | 向他人出售考试试题或答案牟取利益","代替他人或者让他人代替自己参加考试 | 使用通讯设备或其他器材作弊 | 向他人出售考试试题或答案牟取利益 | 组织作弊"
"学生可以在以下哪些学期末申请转专业？","第一学期末 | 第三学期末 | 第五学期末 | 第六学期末","第一学期末 | 第三学期末 | 第五学期末"
"学生有下列哪些情形之一，不得转学？","入学未满一学期或者毕业前一年的 | 高考成绩低于拟转入学校相关专业同一生源地相应年份录取成绩的 | 由低学历层次转为高学历层次的 | 以定向就业录取的","入学未满一学期或者毕业前一年的 | 高考成绩低于拟转入学校相关专业同一生源地相应年份录取成绩的 | 由低学历层次转为高学历层次的 | 以定向就业录取的"
"根据《普通高等学校学生管理规定》，学生在校期间依法享有下列哪些权利？","参加学校教育教学计划安排的各项活动，使用学校提供的教育教学资源 | 参加社会实践、志愿服务、勤工助学、文娱体育及科技文化创新等活动 | 申请奖学金、助学金及助学贷款 | 在思想品德、学业成绩等方面获得科学、公正评价，完成学校规定学业后获得相应的学历证书、学位证书 | 在校内组织、参加学生团体，以适当方式参与学校管理 | 遵守学校章程和规章制度","参加学校教育教学计划安排的各项活动，使用学校提供的教育教学资源 | 参加社会实践、志愿服务、勤工助学、文娱体育及科技文化创新等活动 | 申请奖学金、助学金及助学贷款 | 在思想品德、学业成绩等方面获得科学、公正评价，完成学校规定学业后获得相应的学历证书、学位证书 | 在校内组织、参加学生团体，以适当方式参与学校管理"
"根据《普通高等学校学生管理规定》，学生在校期间依法履行下列哪些义务？","遵守宪法和法律、法规 | 遵守学校章程和规章制度 | 恪守学术道德，完成规定学业 | 按规定缴纳学费及有关费用 | 遵守学生行为规范，尊敬师长，养成良好的思想品德和行为习惯 | 对学校给予的处理或者处分有异议时提出申诉","遵守宪法和法律、法规 | 遵守学校章程和规章制度 | 恪守学术道德，完成规定学业 | 按规定缴纳学费及有关费用 | 遵守学生行为规范，尊敬师长，养成良好的思想品德和行为习惯"
"学生违反学校关于学生宿舍管理的有关规定，视其情节轻重，给予下列哪些处分？","未经批准，随便调换、私自占用学生宿舍或出租床位，经批评教育不改者 | 未经批准擅自留宿非本宿舍成员，经批评教育不改者 | 宿舍内使用明火、违规电器，私拉电线者 | 住宿生未经批准，私自在校外租房住者 | 在学生宿舍内饲养宠物，经劝阻无效者 | 按时熄灯就寝的","未经批准，随便调换、私自占用学生宿舍或出租床位，经批评教育不改者 | 未经批准擅自留宿非本宿舍成员，经批评教育不改者 | 宿舍内使用明火、违规电器，私拉电线者 | 住宿生未经批准，私自在校外租房住者 | 在学生宿舍内饲养宠物，经劝阻无效者"
"根据《福州大学本科生转学管理实施办法（暂行）》，学生有下列哪些情形之一，不得转学？","入学未满一学期或者毕业前一年的 | 高考成绩低于拟转入学校相关专业同一生源地相应年份录取成绩的 | 由低学历层次转为高学历层次的 | 以定向就业录取的 | 无正当转学理由的 | 因患病或者有特殊困难需要转学的","入学未满一学期或者毕业前一年的 | 高考成绩低于拟转入学校相关专业同一生源地相应年份录取成绩的 | 由低学历层次转为高学历层次的 | 以定向就业录取的 | 无正当转学理由的"
"学生违法、违纪，有下列哪些情形之一，从重或者加重处分（）。","违法、违纪行为的主要责任人或组织者 | 强迫、唆使他人违法、违纪的 | 串供、抵赖或者伪造、销毁、隐匿证据的 | 包庇同案人员或者打击报复检举人","违法、违纪行为的主要责任人或组织者 | 强迫、唆使他人违法、违纪的 | 串供、抵赖或者伪造、销毁、隐匿证据的 | 包庇同案人员或者打击报复检举人"
"学生符合下列条件的，可授予学士学位（）。","拥护中国共产党的领导，拥护社会主义制度，遵守宪法和法律 | 在本学科或者专业领域较好地掌握基础理论、专门知识和基本技能 | 在允许的修业年限内，完成本专业培养方案规定的各项要求，经审核准予毕业 | 在校期间从未受到过批评教育","拥护中国共产党的领导，拥护社会主义制度，遵守宪法和法律 | 在本学科或者专业领域较好地掌握基础理论、专门知识和基本技能 | 在允许的修业年限内，完成本专业培养方案规定的各项要求，经审核准予毕业"
"考试违纪，携带手机进入考场，无论是否开机，学校可以给予哪些处分（）","记过 | 警告 | 严重警告 | 开除学籍","严重警告 | 警告 | 记过"
"福州大学“三种精神”中，以卢嘉锡先生为代表的是艰苦奋斗的创业精神。","对 | 错","错"
"福州大学学生累计休学时间不得超过2年。","对 | 错","对"
"组织作弊的，给予开除学籍处分。","对 | 错","对"
"在学生宿舍内饲养宠物，经劝阻无效的，给予警告处分。","对 | 错","对"
"根据《福州大学学生安全管理规定》，因工作需要组织学生班级会餐的，一律不得饮酒。","对 | 错","对"
"学生可以私自调换宿舍床位。","对 | 错","错"
"学生在宿舍内饲养宠物，经劝阻无效者，给予警告处分。","对 | 错","对"
"每学期开学时，学生因故不能如期办理注册手续者，应当履行书面请假手续。","对 | 错","对"
"休学期间如有严重违法乱纪行为者，学校取消其复学资格，予以退学。","对 | 错","对"
"学校执行高等教育学籍学历电子注册管理制度，按相关规定及时完成学生学籍学历电子注册。","对 | 错","对"
"学生一学期内请事假时间累计超过一个月的，无特殊原因按休学处理。","对 | 错","对"
"四年制本科学生最长修业年限为六年。","对 | 错","对"
"被开除学籍的学生，其学年的住宿费不予清退。","对 | 错","对"
"学位申请人对学术评价结论有异议申请学术复核的，复核决定不是最终决定，可继续申诉。","对 | 错","错"
"各类学制学生在校最长修业年限（以下简称修业年限）分别为：四年制本科学生为六年，五年制本科学生为七年，二年制第二学士学位学生为一年。","对 | 错","错"
"转专业每学年办理一次，学生在学期间只能转一次专业。","对 | 错","对"
"学生可以将电动车电池带入公寓楼内充电。","对 | 错","错"
"学生参加创新创业、社会实践成果，按学校规定可以折算学分。","对 | 错","对"
"未经批准留宿异性宿舍，会给予纪律处分。","对 | 错","对"
"辅修学士学位会打印独立的学位证书。","对 | 错","错"
"福州大学本科生每学期修读课程学分一般不宜低于15学分，也不宜超过()学分。","20 | 25 | 30 | 35","30"
"学生参加考试，迟到()分钟以上不得进入考场。","30 | 15 | 20 | 10","30"
"在国家考试或社会考试中冒名代替他人考试、由他人冒名代替参加考试的，给予()处分。","留校察看 | 开除学籍 | 记过 | 严重警告","开除学籍"
"学生申诉处理委员会接到申诉后，应在()内作出复查结论。","10日 | 15日 | 20日 | 30日","15日"
"学生在学期间只能转（）次专业（包括进入转专业公示名单者）。","一 | 二 | 三 | 四","一"
"学生休学累计时间不得超过（）。","一年 | 两年 | 三年 | 四年","两年"
"学生每学期修读课程学分一般不宜低于（）。","10学分 | 15学分 | 20学分 | 30学分","15学分"
"学生综合素质评价每学期评价一次，于新学期开学之日起（）个自然日内完成。","15 | 20 | 30 | 45","30"
"学生休学中断学习时间累计不得超过（）。","1年 | 2年 | 3年 | 4年","2年"
"学生申诉处理委员会应在接到书面申诉之日起（）日内作出复查结论。","10 | 15 | 20 | 30","15"
"经批准退宿的学生，（）内不得提出重新住宿申请。","半年 | 一年 | 两年 | 一学期","一年"
"四年制本科学生在校最长修业年限为（）。","四年 | 五年 | 六年 | 八年","六年"
"福州大学本科生转专业，学生在校期间最多可以转（）次专业","1 | 2 | 3 | 不限","1"
"属于学术不端行为的有（）。","学位论文抄袭 | 伪造实验数据 | 买卖毕业论文 | 正常引用标注文献","学位论文抄袭 | 伪造实验数据 | 买卖毕业论文"
"下面哪些行为属于宿舍违纪行为（）。","私拉电线 | 留宿非本宿舍成员 | 宿舍内使用违规电器 | 保持宿舍卫生整洁","私拉电线 | 留宿非本宿舍成员 | 宿舍内使用违规电器"
"下面哪些属于劳育素质测评评价依据（）。","宿舍卫生评价 | 志愿服务时长 | 劳动实践活动 | 专业课考试成绩","宿舍卫生评价 | 志愿服务时长 | 劳动实践活动"
"在评定学期中有下列哪些情况的，不具备获得各类奖学金的资格？()","所修习的课程（除任意选修课外）有不及格的 | 休学或保留学籍的 | 学习成绩一般的 | 违反校纪校规，受到警告以上处分，在处分期限内的","所修习的课程（除任意选修课外）有不及格的 | 休学或保留学籍的 | 违反校纪校规，受到警告以上处分，在处分期限内的"
"关于学生申诉，下列说法正确的有()","学生申诉处理委员会在申诉受理决定之日起15日内作出复查结论 | 申诉人对复查决定有异议的，可在接到复查决定书之日起15日内向省教育行政部门提出书面申诉 | 学生对学校的处理或者处分决定不服的，可以提出申诉 | 申诉必须由家长代为提出","学生申诉处理委员会在申诉受理决定之日起15日内作出复查结论 | 申诉人对复查决定有异议的，可在接到复查决定书之日起15日内向省教育行政部门提出书面申诉 | 学生对学校的处理或者处分决定不服的，可以提出申诉"
"学生在校期间依法履行下列哪些义务？","遵守宪法和法律、法规 | 遵守学校章程和规章制度 | 恪守学术道德，完成规定学业 | 按规定缴纳学费及有关费用，履行获得贷学金及助学金的相应义务","恪守学术道德，完成规定学业 | 按规定缴纳学费及有关费用，履行获得贷学金及助学金的相应义务 | 遵守学校章程和规章制度 | 遵守宪法和法律、法规"
"学生在课程修读过程中，出现以下哪些情况，取消其参加该课程考核资格？","未办理请假等有关手续而缺课的学时数，超过该门课程教学计划时数的1/3 | 未完成课程规定的作业量者 | 缺课的学时数，超过该门课程教学计划时数的1/4 | 迟到两次以上","未办理请假等有关手续而缺课的学时数，超过该门课程教学计划时数的1/3 | 未完成课程规定的作业量者"
"教室借用范围包括以下哪些？","校院级大型学术活动 | 聘请校内外学者专家开展的专业讲座 | 企业为我校学生就业开展的招聘会和宣讲会 | 校院级党校学习活动、校院领导给学生做的思想报告","校院级大型学术活动 | 聘请校内外学者专家开展的专业讲座 | 企业为我校学生就业开展的招聘会和宣讲会 | 校院级党校学习活动、校院领导给学生做的思想报告"
"学生有下列哪些行为，视情节轻重给予处分？","吸毒者 | 参与走私、贩私等非法活动者 | 在宿舍内私拉电线、使用违规电器者 | 在学生宿舍及其它禁烟区吸烟，经批评教育不改者 | 酗酒（醉酒）造成不良影响者 | 在宿舍内阅读课外书籍的","吸毒者 | 参与走私、贩私等非法活动者 | 在宿舍内私拉电线、使用违规电器者 | 在学生宿舍及其它禁烟区吸烟，经批评教育不改者 | 酗酒（醉酒）造成不良影响者"
"根据《福州大学学生住宿管理办法》，以下哪些行为是禁止的？","擅自调换、私占、出借、出租、转让床位 | 留宿非本宿舍成员 | 私拉电线、使用违规电器 | 宿舍内饲养宠物 | 高空抛物 | 在宿舍内正常使用台灯学习","擅自调换、私占、出借、出租、转让床位 | 留宿非本宿舍成员 | 私拉电线、使用违规电器 | 宿舍内饲养宠物 | 高空抛物"
"博士学位授予条件包括（）。","在本学科或者专业领域掌握坚实全面的基础理论和系统深入的专门知识 | 学术学位申请人应当具有独立从事学术研究工作的能力 | 学术学位申请人应当在学术研究领域做出创新性成果 | 只需修满学分即可，无需通过学位论文答辩","学术学位申请人应当具有独立从事学术研究工作的能力 | 学术学位申请人应当在学术研究领域做出创新性成果 | 在本学科或者专业领域掌握坚实全面的基础理论和系统深入的专门知识"
"校级奖学金项目包括（）。","优秀学生综合奖学金 | 文化科技创新创业奖学金 | 单项奖学金 | 国家励志奖学金","优秀学生综合奖学金 | 文化科技创新创业奖学金 | 单项奖学金"
"在评定学期中有下列情况之一的，不具备获得各类奖学金的资格（）。","违反校纪校规，受到警告以上处分，在处分期限内的 | 休学或保留学籍的 | 所修习的课程（除任意选修课外）有不及格的 | 积极参加志愿服务活动的","违反校纪校规，受到警告以上处分，在处分期限内的 | 休学或保留学籍的 | 所修习的课程（除任意选修课外）有不及格的"
"下列关于学生参加勤工助学时间的说法，正确的有（）。","原则上每周不超过8小时 | 原则上每月不超过40小时 | 原则上每周不超过20小时 | 原则上每月不超过80小时","原则上每周不超过20小时 | 原则上每月不超过40小时"
"除开除学籍外，处分期限内，学生没有新的违纪行为，处分到期自动解除。","对 | 错","对"
"学生一学期旷课三次迟到早退折算旷课1学时。","对 | 错","对"
"学生团体邀请校外人员来校举办讲座，不需要学校批准。","对 | 错","错"
"文化科技创新创业奖学金中，每个积分的奖励金额固定为100元/分。","对 | 错","错"
"学生思想品德的考核、鉴定，以个人小结、师生民主评议等形式进行。","对 | 错","对"
"学生同一门课程可以申请多次缓考。","对 | 错","错"
"学生参加校内勤工助学活动，应当优先考虑家庭经济困难的学生。","对 | 错","对"
"学生休学期间，学校保留其宿舍床位。","对 | 错","错"
"新生可以申请保留入学资格，保留入学资格期间具有学籍。","对 | 错","错"
"学生应当按时参加教育教学计划规定的活动。不能按时参加的，应当事先请假并获得批准。","对 | 错","对"
"学生申诉处理委员会经复查，认为做出处理或者处分的事实、依据、程序等存在不当，可以作出建议撤销或变更的复查意见。","对 | 错","对"
"学生在校期间依法享有在校内组织学生团体的权利。","对 | 错","对"
"因故不能按期入学的，应当向学校请假。除因不可抗力等正当事由以外，未请假或者请假逾期的，学校将保留该生一学年学籍。","对 | 错","错"
"学业测评成绩=（平均学分绩点+5）×10。","对 | 错","对"
"学生重修课程，需要按学分缴纳重修学费。","对 | 错","对"
"在考场，携带的通讯设备关机放在指定位置就不会违纪。","对 | 错","错"
"福州大学新生未书面请假或请假逾期者，除因不可抗力等正当事由以外，视为()","取消学籍 | 自动退学 | 放弃入学资格 | 暂缓注册","放弃入学资格"
"学位论文、公开发表的研究成果存在抄袭、篡改、伪造等学术不端行为，情节严重的，或者代写论文、买卖论文的，处以()处分","记大过 | 开除学籍 | 留校察看 | 严重警告","开除学籍"
"勤工助学固定岗位按月计酬，以每月()个工时为计酬基准。","20 | 30 | 40 | 50","40"
"根据《高等学校学生行为准则》，大学生应当“诚实守信，()”。","严于律己 | 服务人民 | 明礼修身 | 强健体魄","严于律己"
"新生入学后，学校应在（）内按照国家招生规定进行复查。","1个月 | 2个月 | 3个月 | 4个月","3个月"
"学生参加创新创业、社会实践等活动以及发表论文、获得专利授权等与专业学习、学业要求相关的经历、成果，可以折算为学分，计入学业成绩。具体办法由（）规定。","教育部 | 省教育厅 | 学校 | 学院","学校"
"新生因故不能按期报到者，请假时间一般不得超过（）。","一周 | 两周 | 一个月 | 三天","两周"
"一学期累计旷课达（）学时以上者，给予留校察看处分。","30 | 35 | 40 | 50","40"
"未办理退选手续而无故不参加课程学习和考核者，该课程成绩记录为“（）”。","重修 | 无考试记录 | 违纪 | 缺考","缺考"
"学生申诉处理委员会接到书面申诉，一般应当在（）日内作出复查结论","10 | 15 | 20 | 30","15"
"下列属于福州大学校级奖学金项目的有()","国家奖学金 | 文化科技创新创业奖学金 | 单项奖学金 | 优秀学生综合奖学金","文化科技创新创业奖学金 | 单项奖学金 | 优秀学生综合奖学金"
"学生在校期间依法享有下列哪些权利？","参加学校教育教学计划安排的各项活动 | 申请奖学金、助学金及助学贷款 | 在校内组织、参加学生团体，参与学校管理 | 对学校给予的处理或处分提出申诉","参加学校教育教学计划安排的各项活动 | 在校内组织、参加学生团体，参与学校管理 | 对学校给予的处理或处分提出申诉 | 申请奖学金、助学金及助学贷款"
"学生有下列哪些情形之一，校学位评定委员会可撤销其已获得的学士学位？","学位论文、毕业设计或者实践成果被认定为存在代写、剽窃、伪造等学术不端行为 | 盗用、冒用他人身份，顶替他人取得的入学资格，或者以其他非法手段取得入学资格、毕业证书 | 存在依法不应当授予学位的其他严重违法行为","学位论文、毕业设计或者实践成果被认定为存在代写、剽窃、伪造等学术不端行为 | 盗用、冒用他人身份，顶替他人取得的入学资格，或者以其他非法手段取得入学资格、毕业证书 | 存在依法不应当授予学位的其他严重违法行为"
"选课分为哪几个阶段？","正常选课 | 补退选课 | 重新学习选课","正常选课 | 补退选课 | 重新学习选课"
"勤工助学岗位按照岗位性质可分为（）。","固定岗位 | 临时岗位 | 项目型岗位","固定岗位 | 临时岗位 | 项目型岗位"
"以下哪些考试违规行为给予记过处分（）。","在考试中旁窥、交头接耳、打暗号或者手势的 | 携带手机等通讯设备参加考试的 | 在答卷上填写与本人身份不符的姓名、考号等信息的 | 携带规定以外的物品进入考场，未按要求放在指定位置的","在考试中旁窥、交头接耳、打暗号或者手势的 | 携带手机等通讯设备参加考试的 | 在答卷上填写与本人身份不符的姓名、考号等信息的"
"学生宿舍内严禁以下哪些行为（）。","私拉电线 | 使用违规电器 | 饲养宠物 | 使用台灯照明学习","私拉电线 | 使用违规电器 | 饲养宠物"
"学生进入考场后，凡未经监考人员事先允许带进的（）等，应集中放在监考教师指定的地方。","有关教材 | 参考资料 | 练习本 | 纸张","有关教材 | 参考资料 | 练习本 | 纸张"
"学生有下列情形之一的，不得转专业（）。","定向生、高水平运动队 | 中外合作办学、闽台高校联合培养人才项目的学生 | 本科四年级（含）以上学生 | 休学创业后复学的学生","定向生、高水平运动队 | 中外合作办学、闽台高校联合培养人才项目的学生 | 本科四年级（含）以上学生"
"下列属于学生宿舍违规行为的有（）。","私拉电线 | 在宿舍内使用明火 | 在宿舍内饲养宠物 | 将电动车电池带入公寓楼内充电","在宿舍内使用明火 | 在宿舍内饲养宠物 | 将电动车电池带入公寓楼内充电 | 私拉电线"
"《普通高等学校学生管理规定》自2017年9月1日起施行。","对 | 错","对"
"在校学生应征参加中国人民解放军，学校可保留其学籍至退役后2年。","对 | 错","对"
"根据《福州大学学生住宿管理办法》，学生可以按照自己的意愿随意调换宿舍床位。","对 | 错","错"
"根据《福州大学学生住宿管理办法》，每学期最后一个月为退宿集中办理期，可以办理下一学期的退宿手续。","对 | 错","对"
"参加同一竞赛不同级别或分区赛事获奖的，可以累计获得奖励。","对 | 错","错"
"学生应当拥护中国共产党领导，努力学习马克思列宁主义、毛泽东思想、邓小平理论、“三个代表”重要思想、科学发展观、习近平新时代中国特色社会主义思想。","对 | 错","对"
"学生选课时，若所选课程上课时间冲突，可以同时选修所有冲突课程。","对 | 错","错"
"休学学生应当办理手续离校。学生休学期间，学校应为其保留学籍，但不享受在校学习学生待遇。","对 | 错","对"
"同一学年内，获得国家奖学金的家庭经济困难学生可以同时申请并获得国家助学金。","对 | 错","对"
"辅修专业学士学位单独发放学位证书。","对 | 错","错"
"具有福州大学正式学籍的学生，修业年限期满时，已修读本专业培养方案规定的应修学分的()者，按结业处理。","70% | 80% | 90% | 60%","70%"
"学生对复查决定有异议的，可以在接到学校复查决定书之日起()内，向省级教育行政部门提出书面申诉。","10日 | 15日 | 30日 | 60日","15日"
"学生对复查决定有异议的，在接到学校复查决定书之日起（）日内，可以向省级教育行政部门提出书面申诉。","10 | 15 | 20 | 30","15"
"学生宿舍中，以下哪种电器属于可正常使用的准入电器（）。","电热锅 | 电磁炉 | 电水壶 | 暖手宝","电水壶"
"留校察看处分的察看期为（）个月。","6 | 9 | 12 | 18","12"
"学生休学中断学习时间以一学年或者一学期为期，累计休学时间不得超过()年。","4 | 3 | 2 | 1","2"
"申诉人对复查决定有异议的，可以在接到学校复查决定书之日起（）内向省教育行政部门提出书面申诉。","10日 | 15日 | 20日 | 30日","15日"
"本科新生因疾病申请保留入学资格，可保留入学资格（）","仅 1 年 | 1‑2 年 | 2‑3 年 | 最多 3 年","1‑2 年"
"除开除学籍外，学校给予学生处分一般设置（）个月期限","3‑6 | 6‑12 | 12‑18 | 18‑24","6‑12"
"福州大学纪律处分的种类包含（）。","警告 | 严重警告 | 记过、留校察看 | 开除学籍","警告 | 严重警告 | 记过、留校察看 | 开除学籍"
"根据《福州大学学生管理规定》，学生有下列哪些考试违规行为，给予记过处分？","在考试中旁窥、交头接耳 | 携带手机参加考试 | 在答卷上填写与本人身份不符的姓名 | 故意销毁试卷","在考试中旁窥、交头接耳 | 携带手机参加考试 | 在答卷上填写与本人身份不符的姓名 | 故意销毁试卷"
"学生有下列哪些情形之一，予以退学？","第三次被学校书面退学劝告者 | 接受学校退学劝告者 | 学生在休学、保留学籍期满后两周内不办理复学申请手续或者申请复学经复查不合格者 | 经学校指定二级甲等以上医院诊断，患有疾病或者意外伤残无法继续在校学习者","第三次被学校书面退学劝告者 | 接受学校退学劝告者 | 学生在休学、保留学籍期满后两周内不办理复学申请手续或者申请复学经复查不合格者 | 经学校指定二级甲等以上医院诊断，患有疾病或者意外伤残无法继续在校学习者"
"申请国家奖学金的学生，在符合基本条件的前提下，还应满足以下哪些具体条件？","学习成绩排名与综合测评成绩排名均位于前10%（含10%），参评学年没有不及格科目 | 至少一学期获一等奖学金 | 参评学年获得校级及以上综合类荣誉称号至少1次","学习成绩排名与综合测评成绩排名均位于前10%（含10%），参评学年没有不及格科目 | 至少一学期获一等奖学金 | 参评学年获得校级及以上综合类荣誉称号至少1次"
"根据《福州大学本科生转专业管理实施办法》，学生有下列哪些情形之一的，不得转专业？","国家有相关规定或者录取前与学校有明确约定的 | 定向生、高水平运动队 | 中外合作办学、闽台高校联合培养人才项目的学生 | 本科四年级（含）以上学生 | 保留入学资格、保留学籍、休学期间的 | 本科一年级学生","国家有相关规定或者录取前与学校有明确约定的 | 定向生、高水平运动队 | 中外合作办学、闽台高校联合培养人才项目的学生 | 本科四年级（含）以上学生 | 保留入学资格、保留学籍、休学期间的"
"学生不得利用网络制作、复制、查阅和传播下列（）信息，违者视情节轻重给予记过、留校察看或开除学籍处分。","煽动抗拒、破坏宪法和法律、法规实施的 | 煽动分裂国家、破坏国家统一的 | 捏造或者歪曲事实，散布谣言，损害国家机关声誉或扰乱社会秩序的 | 煽动民族仇恨、民族歧视，破坏民族团结的","煽动抗拒、破坏宪法和法律、法规实施的 | 煽动分裂国家、破坏国家统一的 | 捏造或者歪曲事实，散布谣言，损害国家机关声誉或扰乱社会秩序的 | 煽动民族仇恨、民族歧视，破坏民族团结的"
"学生申诉处理委员会委员由（）等相关负责人及法律顾问、教师代表、学生代表组成。","学生工作部（处） | 教务处 | 研究生院 | 申诉人本人","学生工作部（处） | 教务处 | 研究生院"
"综合素质评价里面，五育素质测评每一项包含（）","基础性测评 70 分 | 发展性测评 30 分 | 基础性测评 50 分 | 发展性测评 50 分","基础性测评 70 分 | 发展性测评 30 分"
"学校坚持教育与宗教相分离，校园内不允许进行宗教活动。","对 | 错","对"
"国家奖学金同一学年可以同时获得国家励志奖学金。","对 | 错","错"
"福州大学本科生每学期修读课程学分一般不宜低于15学分，也不宜超过30学分。","对 | 错","对"
"学生通过补考后所获得的及格以上成绩，其成绩绩点均记为1。","对 | 错","对"
"根据《福州大学学生管理规定》，学生不得有酗酒、打架斗殴、赌博、吸毒等违法行为。","对 | 错","对"
"提前修满专业培养方案规定应修学分且符合毕业规定的学生，可以申请提前毕业。","对 | 错","对"
"住宿生未经批准，私自在校外租房住，给予记过处分。","对 | 错","对"
"对于在校学习期间或在修业年限内曾受“记过”及以上处分者，在处分未解除期间，学校不授予学士学位。","对 | 错","对"
"无正当理由22：30后未返回宿舍视为迟归，23：00后仍未回宿舍视为夜不归宿。","对 | 错","对"
"打架斗殴，没有动手，只是言语挑衅，不会收到处分。","对 | 错","错"
"除开除学籍处分以外，给予学生处分一般应当设置()的期限。","6到12个月 | 3到6个月 | 1到3个月 | 12到24个月","6到12个月"
"根据《福州大学学生管理规定》，除开除学籍处分外，给予学生处分一般应当设置()期限。","3到6个月 | 6到12个月 | 12到18个月 | 18到24个月","6到12个月"
"本科学生已修读的必修课中，考核不及格学分累计达到()学分，给予学业危机警告。","10 | 20 | 30 | 40","20"
"学生有下列情形之一，学校可以给予开除学籍处分：代替他人或者让他人代替自己参加考试、组织作弊、使用通讯设备或其他器材作弊、向他人出售考试试题或答案牟取利益，以及其他（）的。","严重作弊或扰乱考试秩序行为 | 作弊行为 | 违规行为 | 违纪行为","严重作弊或扰乱考试秩序行为"
"学生每学期修读课程学分一般不宜低于（）学分。","10 | 15 | 20 | 25","15"
"优秀学生综合奖学金三等奖的金额为每学期（）元。","500 | 800 | 1000 | 1200","500"
"四年制本科学生在校最长修业年限为（）。","五年 | 六年 | 七年 | 八年","六年"
"学生一学期已修读的必修课中，课程考核不及格的学分数累计超过（）学分，由学院劝其退学。","10 | 15 | 20 | 25","15"
"同一门课程只能申请缓考一次，一学期一般只能申请缓考（）门课程，补考不能申请缓考。","4 | 3 | 2 | 1","2"
"除开除学籍处分以外，给予学生处分一般应设置（）期限。","3到6个月 | 6到12个月 | 6到18个月 | 12到24个月","6到12个月"
"考场规则要求，进入考场学生禁止携带（）。","手机 | 其他电子通讯设备 | 学生证 | 准考证","手机 | 其他电子通讯设备"
"根据《福州大学学生管理规定》，学生有下列哪些行为之一，学校可以给予开除学籍处分？","违反宪法，反对四项基本原则、破坏安定团结、扰乱社会秩序的 | 触犯国家法律，构成刑事犯罪的 | 学位论文、公开发表的研究成果存在抄袭、篡改、伪造等学术不端行为，情节严重的 | 屡次违反学校规定受到纪律处分，经教育不改的","违反宪法，反对四项基本原则、破坏安定团结、扰乱社会秩序的 | 触犯国家法律，构成刑事犯罪的 | 学位论文、公开发表的研究成果存在抄袭、篡改、伪造等学术不端行为，情节严重的 | 屡次违反学校规定受到纪律处分，经教育不改的"
"根据《福州大学授予普通全日制学生学士学位工作细则》，学校对符合下列哪些条件的学生可授予学士学位？","拥护中国共产党的领导，拥护社会主义制度 | 遵守宪法和法律，遵守学术道德和学术规范 | 在本学科或者专业领域较好地掌握基础理论、专门知识和基本技能 | 在允许的修业年限内，完成本专业培养方案规定的各项要求，经审核准予毕业的学生 | 在校期间至少获得一次奖学金","拥护中国共产党的领导，拥护社会主义制度 | 遵守宪法和法律，遵守学术道德和学术规范 | 在本学科或者专业领域较好地掌握基础理论、专门知识和基本技能 | 在允许的修业年限内，完成本专业培养方案规定的各项要求，经审核准予毕业的学生"
"学位申请人、学位获得者在攻读学位过程中有下列哪些情形之一的，不授予学位或者撤销学位（）。","学位论文被认定为存在代写、剽窃、伪造等学术不端行为 | 盗用、冒用他人身份，顶替他人取得入学资格 | 以其他非法手段取得入学资格、毕业证书 | 一次考试不及格但已重修通过","学位论文被认定为存在代写、剽窃、伪造等学术不端行为 | 盗用、冒用他人身份，顶替他人取得入学资格 | 以其他非法手段取得入学资格、毕业证书"
"单项奖学金包括（）。","学习进步奖 | 精神文明建设奖 | 学习优秀奖 | 文体活动奖","学习进步奖 | 精神文明建设奖"
"优秀学生综合奖学金的评定等级包括（）。","一等奖 | 二等奖 | 三等奖 | 特等奖","一等奖 | 二等奖 | 三等奖"
"本科生创业学籍管理，创业可申请免修的课程类型有（）","毕业实习 | 生产实习 | 专业选修课 | 思想政治理论必修课","毕业实习 | 生产实习 | 专业选修课"
"休学创业本科生相关规定，说法正确的是（）","休学以一年为单位 | 修业年限可延长 2‑4 年 | 创业成果可以申请部分实践课程免修 | 创业可以直接申请毕业","休学以一年为单位 | 修业年限可延长 2‑4 年 | 创业成果可以申请部分实践课程免修"
"已经结业的学生，在最长修业年限内达到毕业要求，可以换发毕业证书。","对 | 错","对"
"学生宿舍内可以使用电吹风，但用后应立即断电拔插。","对 | 错","对"
"根据《普通高等学校学生管理规定》，学生体育成绩评定要突出过程管理，可以根据考勤、课内教学、课外锻炼活动和体质健康等情况综合评定。","对 | 错","对"
"学生参加创新创业、社会实践等活动以及发表论文、获得专利授权等与专业学习、学业要求相关的经历、成果，不可以折算为学分。","对 | 错","错"
"学生在校内成立学生团体，无需经过学校批准，可自行开展活动。","对 | 错","错"
"学生对取消入学资格、取消学籍有异议的，不可以提出申诉。","对 | 错","错"
"学生在实验过程中，如发现仪器设备发生故障或损坏，应及时报告指导教师或实验技术人员处理。","对 | 错","对"
"在学生宿舍内饲养宠物，经劝阻无效者，给予警告处分。","对 | 错","对"
"学历证书和学位证书遗失或者损坏，经本人申请，学校核实后出具相应的证明书，证明书与原证书具有同等效力。","对 | 错","对"
"学生重修已经及格的课程，不可以重新申请，无论任何情况。","对 | 错","错"
"缓考的成绩按照正常考核成绩记载。","对 | 错","对"
"2.学生已修读的必修课中，课程考核不及格的学分数累计达()学分，或者一学期已修读的必修课中，课程考核不及格的学分数累计超过()学分，由学院劝其退学","30;30 | 15;15 | 30;15 | 15;10","30;15"
"福州大学接收大一学生转专业人数原则上不超过该专业入学时实际招生数的()","10% | 20% | 5% | 3%","20%"
"文化科技创新创业奖学金中，实用新型专利的奖励积分为()分/项。","5 | 10 | 15 | 20","10"
"福州大学本科生在校最长修业年限（含休学和保留学籍），四年制本科学生为（）年。","四年 | 五年 | 六年 | 七年","六年"
"毕业时，学生体质健康测试成绩达不到()分者按结业处理（因病或残疾学生，凭医院证明向学校提出申请并经审核通过后可准予毕业）。","70 | 60 | 55 | 50","50"
"学生申诉处理委员会对学生提出的申诉进行复查，并在接到书面申诉之日起 () 日内作出复查结论并告知申诉人。情况复杂不能在规定限期内作出结论的，经学校负责人批准，可延长15日。。","15 | 14 | 10 | 7","15"
"休学创业学生的修业年限在原有学制基础上可申请延长2至（）年，休学时间计入修业年限。","6 | 5 | 4 | 3","4"
"有下列哪些情形学校可予以退学处理（）。","学业成绩未达到学校要求，修业年限内未完成学业 | 未经批准连续两周未参加学校规定教学活动 | 休学期满未办理复学或复学复查不合格 | 只是某一门课程挂科","学业成绩未达到学校要求，修业年限内未完成学业 | 未经批准连续两周未参加学校规定教学活动 | 休学期满未办理复学或复学复查不合格"
"学生可以申请保留入学资格的情形（）。","参军入伍 | 疾病需要休养 | 已经入学上课一学期 | 考试挂科太多","参军入伍 | 疾病需要休养"
"福州大学课程考核成绩记录方式包括()","百分制（整数） | 四级制（A、B、C、D） | 五级制（优秀、良好、中等、及格、不及格） | 二级制（合格、不合格）","四级制（A、B、C、D） | 五级制（优秀、良好、中等、及格、不及格） | 二级制（合格、不合格） | 百分制（整数）"
"作为一名优秀的福大学子，我们应当()","热爱祖国，服务人民 | 诚实守信，严于律己 | 志存高远，坚定信念 | 我行我素，独来独往","志存高远，坚定信念 | 热爱祖国，服务人民 | 诚实守信，严于律己"
"根据《福州大学学生安全管理规定》，以下哪些行为是禁止的？","严格遵守实验室安全操作规程 | 学生在校园内外醉酒、酗酒 | 未经同意擅自组织集体外出活动 | 自觉遵守文娱体育场馆、教室、图书馆等公共场所的有关规定","严格遵守实验室安全操作规程 | 学生在校园内外醉酒、酗酒 | 未经同意擅自组织集体外出活动"
"关于本科学生毕业、结业、肄业，以下说法正确的有()。","在规定修业年限内修完规定内容，成绩合格，准予毕业 | 修完规定内容但未达到毕业要求，可准予结业 | 已在校学习满一学年以上的退学学生，发给肄业证书 | 受开除学籍处分的学生，学校只发给写实性学习证明","在规定修业年限内修完规定内容，成绩合格，准予毕业 | 修完规定内容但未达到毕业要求，可准予结业 | 已在校学习满一学年以上的退学学生，发给肄业证书 | 受开除学籍处分的学生，学校只发给写实性学习证明"
"学科竞赛A+类赛事包括（）。","中国国际大学生创新大赛 | “挑战杯”全国大学生课外学术科技作品竞赛 | “挑战杯”中国大学生创业计划竞赛","中国国际大学生创新大赛 | “挑战杯”全国大学生课外学术科技作品竞赛 | “挑战杯”中国大学生创业计划竞赛"
"劳育素质测评（E），发展性测评（E2）中规定非计算机专业学生，获全国计算机等级考试（）等级证书，分别加4、2分。","四级 | 三级 | 二级 | 合格","四级 | 三级"
"校内勤工助学岗位设置应能保证学生参与勤工助学的需要。岗位设置主要以（）等为主，以创新创业等项目型岗位为辅。","校内教学助理 | 校内科研助理 | 校内行政管理助理 | 学校公共服务","校内教学助理 | 校内科研助理 | 校内行政管理助理 | 学校公共服务"
"申请国家奖学金的学生，除基本条件外还应满足（）。","学习成绩排名与综合测评成绩排名均位于前10%（含10%） | 参评学年没有不及格科目 | 在参评学年获得校级及以上综合类荣誉称号至少1次 | 家庭经济困难","学习成绩排名与综合测评成绩排名均位于前10%（含10%） | 参评学年没有不及格科目 | 在参评学年获得校级及以上综合类荣誉称号至少1次"
"下列属于A+类赛事的有（）。","中国国际大学生创新大赛 | “挑战杯”全国大学生课外学术科技作品竞赛 | “挑战杯”中国大学生创业计划竞赛 | 全国大学生数学建模竞赛","中国国际大学生创新大赛 | “挑战杯”全国大学生课外学术科技作品竞赛 | “挑战杯”中国大学生创业计划竞赛"
"学生转专业被录取公示结束后，不可以放弃转专业资格。","对 | 错","对"
"福州大学校徽采用单色——红色。","对 | 错","对"
"本科学生因学业成绩未达到学校要求而退学的，不能发给任何学习证明。","对 | 错","错"
"学生举行大型集会、游行、示威等活动，只需向学校申请批准即可，无需按法律程序进行。","对 | 错","错"
"学生应当遵守国家和学校关于网络使用的有关规定，不得登录非法网站和传播非法文字、音频、视频资料等。","对 | 错","对"
"学生宿舍内可以饲养小型宠物，如仓鼠、金鱼等。","对 | 错","错"
"普通类专业和艺术类专业之间可以申请互转专业。","对 | 错","错"
"一学期累计旷课达()学时者，给予警告处分。","20 | 30 | 40 | 10","10"
"学生休学累计休学时间不得超过（）年。","1 | 2 | 3 | 4","2"
"福州大学校训是（）。","明德至诚 博学笃志 | 明德至诚 博学远志 | 明德修身 博学远志 | 至诚至善 博学笃志","明德至诚 博学远志"
"优秀学生综合奖学金评定标准中，三等奖学金：学期综合测评名次在本专业学生前（）%。","20 | 30 | 40 | 50","50"
"新生因故不能按期到校报到者，请假时间一般不得超过（）。","一周 | 两周 | 一个月 | 三个月","两周"
"学生休学中断学习时间以一学年或者一学期为期，累计休学时间不得超过（）。","1年 | 2年 | 3年 | 4年","2年"
"学生修业期满，修完全部课程，取得培养方案规定应修学分的（）及以上，可作结业处理","60% | 70% | 80% | 90%","80%"
"关于勤工助学活动，下列说法正确的有()","学生私自在校外兼职都属于学校规定的勤工助学 | 勤工助学活动应坚持“立足校园、服务社会”的宗旨 | 安排勤工助学岗位应优先考虑家庭经济困难的学生 | 学生参加勤工助学的时间原则上每月不超过40小时","勤工助学活动应坚持“立足校园、服务社会”的宗旨 | 安排勤工助学岗位应优先考虑家庭经济困难的学生 | 学生参加勤工助学的时间原则上每月不超过40小时"
"关于本科学生转专业，以下说法正确的有()。","学生在学习期间对其他专业有兴趣和专长的，可以申请转专业 | 以特殊招生形式录取的学生，不得转专业 | 休学创业或退役后复学的学生，因自身情况需要转专业的，学校应当优先考虑 | 学校应当制定学生转专业的具体办法，建立公平、公正的标准和程序","学生在学习期间对其他专业有兴趣和专长的，可以申请转专业 | 以特殊招生形式录取的学生，不得转专业 | 休学创业或退役后复学的学生，因自身情况需要转专业的，学校应当优先考虑 | 学校应当制定学生转专业的具体办法，建立公平、公正的标准和程序"
"学生有下列哪些情形之一，学校可予退学处理？","学业成绩未达到学校要求或者在学校规定的学习年限内未完成学业的 | 休学、保留学籍期满，在学校规定期限内未提出复学申请或者申请复学经复查不合格的 | 根据学校指定医院诊断，患有疾病或者意外伤残不能继续在校学习的 | 未经批准连续两周未参加学校规定的教学活动的 | 超过学校规定期限未注册而又未履行暂缓注册手续的 | 一学期旷课累计达20学时的","学业成绩未达到学校要求或者在学校规定的学习年限内未完成学业的 | 休学、保留学籍期满，在学校规定期限内未提出复学申请或者申请复学经复查不合格的 | 根据学校指定医院诊断，患有疾病或者意外伤残不能继续在校学习的 | 未经批准连续两周未参加学校规定的教学活动的 | 超过学校规定期限未注册而又未履行暂缓注册手续的"
"学术不端行为包括（）。","剽窃、抄袭、侵占他人学术成果 | 篡改他人研究成果 | 伪造科研数据、资料、文献、注释 | 未参加研究或创作而在研究成果、学术论文上署名 | 买卖论文、由他人代写或者为他人代写论文 | 在论文中规范引用他人成果并注明出处的","剽窃、抄袭、侵占他人学术成果 | 篡改他人研究成果 | 伪造科研数据、资料、文献、注释 | 未参加研究或创作而在研究成果、学术论文上署名 | 买卖论文、由他人代写或者为他人代写论文"
"学生在校期间依法享有下列哪些权利（）。","参加学校教育教学计划安排的各项活动，使用学校提供的教育教学资源 | 申请奖学金、助学金及助学贷款 | 对学校给予的处理或者处分有异议，向学校、教育行政部门提出申诉 | 自主决定是否缴纳学费","申请奖学金、助学金及助学贷款 | 对学校给予的处理或者处分有异议，向学校、教育行政部门提出申诉 | 参加学校教育教学计划安排的各项活动，使用学校提供的教育教学资源"
"勤工助学岗位按照岗位性质，可分为固定岗位、临时岗位和项目型岗位，下列说法正确的是（）。","固定岗位是指持续一个学期以上的长期性岗位或寒暑假期间的连续性岗位 | 固定岗位是指持续一年以上的长期性岗位或寒暑假期间的连续性岗位 | 项目型岗位是指根据单项专业技能予以考核，技能水平达标通过即完成任务的工作岗位 | 项目型岗位是指根据单项工作任务予以考核，考核通过即完成任务的工作岗位","固定岗位是指持续一个学期以上的长期性岗位或寒暑假期间的连续性岗位 | 项目型岗位是指根据单项工作任务予以考核，考核通过即完成任务的工作岗位"
"学生申诉处理委员会组成人员包含（）","学校职能部门负责人 | 教师代表 | 学生代表 | 校外法律、教育专家（可聘请）","学校职能部门负责人 | 学生代表 | 教师代表 | 校外法律、教育专家（可聘请）"
"学生保留入学资格期间具有学籍。","对 | 错","错"
"学生可以在宿舍内存放、使用电炉、电热棒。","对 | 错","错"
"学生申诉处理委员会经复查认为处理或处分程序不当的，可以直接撤销原处分。","对 | 错","错"
"触犯国家法律构成刑事犯罪，被处以刑事处罚者，给予留校察看处分。","对 | 错","错"
"学业成绩未达到学校要求或者在学校规定的学习年限内未完成学业的，学校可予退学处理。","对 | 错","对"
"学位论文、公开发表的研究成果存在抄袭、篡改、伪造等学术不端行为，情节严重的，或者代写论文、买卖论文的，学校可以给予开除学籍处分。","对 | 错","对"
"根据《福州大学学生管理规定》，学生有下列哪种行为，学校可以给予开除学籍处分？()","旷课达30学时 | 考试作弊 | 学位论文存在抄袭情节严重 | 在宿舍使用违规电器","学位论文存在抄袭情节严重"
"辅修专业的教学分单独开班（学生人数达到（）人以上）和跟班修读两种形式。","50 | 40 | 30 | 25","40"
"若学生对第一次修读的已及格课程的考核成绩不满意，经慎重考虑后可在每学期开学后（）周内书面申请重新修读该课程（每学期最多只能申请2门课程），经学生所在学院同意后报教务处审批，按学分缴费重修。","十 | 五 | 二 | 一","二"
"《普通高等学校学生管理规定》（教育部令第41号）自（）起施行。","2016年9月1日 | 2017年9月1日 | 2018年9月1日 | 2020年9月1日","2017年9月1日"
"经批准退学的学生必须在退学决定下达后（）之内办理好所有离校手续。","两周 | 十天 | 一个月 | 三个月","一个月"
"考试迟到（）以上不得进入考场。","十五分钟 | 二十分钟 | 三十分钟 | 四十五分钟","三十分钟"
"本科学生事假两天以内，由谁批准（）","辅导员 | 分管院领导 | 班主任 | 任课教师","辅导员"
"关于学生申诉，以下说法正确的有()。","申诉是指学生对学校作出的处理或处分决定不服，向学校提出要求复查的行为 | 学生申诉处理委员会主任由学校有关领导担任 | 学生申诉处理委员会会议应有2/3委员出席方为有效 | 在申诉期内，不停止原处理或处分决定的执行","申诉是指学生对学校作出的处理或处分决定不服，向学校提出要求复查的行为 | 学生申诉处理委员会主任由学校有关领导担任 | 学生申诉处理委员会会议应有2/3委员出席方为有效 | 在申诉期内，不停止原处理或处分决定的执行"
"根据《高等学校学生行为准则》，大学生应“遵纪守法，弘扬正气”，包括()。","遵守宪法、法律法规，遵守校纪校规 | 正确行使权利，依法履行义务 | 敬廉崇洁，公道正派 | 敢于并善于同各种违法违纪行为作斗争","遵守宪法、法律法规，遵守校纪校规 | 正确行使权利，依法履行义务 | 敬廉崇洁，公道正派 | 敢于并善于同各种违法违纪行为作斗争"
"学生选课分为哪几个阶段？","正常选课 | 补退选课 | 重新学习选课 | 预选课","正常选课 | 补退选课 | 重新学习选课"
"学生安全管理应本着以下哪些原则（）。","保护学生 | 教育先行 | 以罚代管 | 事后追责","保护学生 | 教育先行"
"关于学生请假，以下说法正确的是（）。","因病请假需有二级甲等以上医院证明 | 病假三天及以内由辅导员批准 | 事假三天及以内由辅导员批准 | 一学期内病假累计超过全学期学习周数1/3的，按休学处理","因病请假需有二级甲等以上医院证明 | 病假三天及以内由辅导员批准"
"下列关于日常学生违纪违规（校园交通秩序）但尚未达到处分程度的扣分标准的说法，错误的是（）。","擅自移动、破坏、遮挡校园交通标识、监控、门禁、道闸等设施，扣0.5分/次 | 骑行电动自行车/自行车超速、违规载人，扣0.4分/次 | 不服从校园交通管理、阻碍执勤、顶撞工作人员，或交通违规被学校通报批评，扣0.6分/次。 | 自行车乱停乱放、未在指定区域停放，扣0.2分/次","擅自移动、破坏、遮挡校园交通标识、监控、门禁、道闸等设施，扣0.5分/次 | 不服从校园交通管理、阻碍执勤、顶撞工作人员，或交通违规被学校通报批评，扣0.6分/次。"
"学生在实验过程中不得修改原始实验数据记录。","对 | 错","对"
"肄业证书丢失，学校可以出具证明书，证明书效力等同原件。","对 | 错","对"
"学生申诉处理委员会在接到书面申诉之日起（）日内作出复查结论并告知申诉人。","10 | 15 | 20 | 30","15"
"学生对处理或者处分决定不服提出申诉的期限，自处理、处分决定书送达之日起计算，最长不得超过（）个月。","3 | 6 | 9 | 12","6"
"除开除学籍处分外，给予学生处分一般应当设置（）期限。","3到6个月 | 6到9个月 | 6到12个月 | 12到18个月","6到12个月"
"凡提前修满专业培养方案规定的应修学分且符合毕业规定的学生，可以申请提前毕业。提前毕业的时间，原则上不超过()年。","三 | 二 | 一 | 半","一"
"休学复学的同学如错过补退选时间，应在学期开学第（）周内到学院教学办申请办理补选课程。","四 | 三 | 二 | 一","三"
"申请本科生国家奖学金应当满足的条件包括()","学习成绩排名与综合测评成绩排名均位于前10%（含10%） | 参评学年没有不及格科目 | 必须是家庭经济困难学生 | 至少一学期获一等奖学金","学习成绩排名与综合测评成绩排名均位于前10%（含10%） | 参评学年没有不及格科目 | 至少一学期获一等奖学金"
"勤工助学活动应坚持的原则包括()。","学有余力 | 自愿申请 | 扶困优先 | 竞争上岗","学有余力 | 扶困优先 | 竞争上岗 | 自愿申请"
"学生有下列哪些情形之一，学校可以给予开除学籍处分？","违反宪法，反对四项基本原则、破坏安定团结、扰乱社会秩序的 | 触犯国家法律，构成刑事犯罪的 | 受到治安管理处罚，情节严重、性质恶劣的 | 代替他人或者让他人代替自己参加考试、组织作弊、使用通讯设备或其他器材作弊的 | 学位论文存在抄袭、篡改、伪造等学术不端行为，情节严重的 | 考试中旁窥、交头接耳、打暗号或者手势的","违反宪法，反对四项基本原则、破坏安定团结、扰乱社会秩序的 | 触犯国家法律，构成刑事犯罪的 | 受到治安管理处罚，情节严重、性质恶劣的 | 代替他人或者让他人代替自己参加考试、组织作弊、使用通讯设备或其他器材作弊的 | 学位论文存在抄袭、篡改、伪造等学术不端行为，情节严重的"
"学生违法违纪后，有下列哪些情形之一，可以从轻或者减轻处分？","主动交代本人违法违纪行为，有明显悔改表现的 | 主动挽回损失或者有效阻止危害结果发生的 | 主动退出违法违纪所得的 | 有其它立功表现的 | 屡次违法、违纪受到纪律处分，经教育不改者","主动交代本人违法违纪行为，有明显悔改表现的 | 主动挽回损失或者有效阻止危害结果发生的 | 主动退出违法违纪所得的 | 有其它立功表现的"
"评价学期内积极参与学校组织的各项智育类活动，达到以下（）条件的可获得智育基础分70分。","参与学术讲座、沙龙、论坛，学科调研，创新创业实践等活动不少于2次 | 参与读书分享会、学习互助分享等活动不少于2次 | 参与科研训练计划、学科竞赛、辩论赛等不少于1次 | 一学期内无迟到、早退记录","参与学术讲座、沙龙、论坛，学科调研，创新创业实践等活动不少于2次 | 参与读书分享会、学习互助分享等活动不少于2次 | 参与科研训练计划、学科竞赛、辩论赛等不少于1次"
"学生在学期间可以多次申请转专业，不限次数。","对 | 错","错"
"一学期累计旷课达20学时者，给予严重警告处分。","对 | 错","对"
"缓考取得的成绩按正常考核成绩予以记载。","对 | 错","对"
"学生选课应首先保证（）的修读。","选修课程 | 通识课程 | 本专业培养方案要求的必修课程 | 兴趣课程","本专业培养方案要求的必修课程"
"学生对学校的处理或处分决定有异议，应在接到决定书之日起（）内提出书面申诉。","5日 | 10日 | 15日 | 30日","10日"
"上课迟到、早退者（）次折算为旷课1学时。","二 | 三 | 四 | 五","二"
"本科生参军，可保留入学资格至（）","退役当年 | 退役后 1 年 | 退役后 2 年 | 退役后 3 年","退役后 2 年"
"新生入学后，学校在3个月内按照国家招生规定进行复查，复查内容包括（）。","录取手续及程序是否合乎国家招生规定 | 所获得的录取资格是否真实、合乎相关规定 | 本人及身份证明与录取通知、考生档案等是否一致 | 身心健康状况是否符合报考专业体检要求","录取手续及程序是否合乎国家招生规定 | 所获得的录取资格是否真实、合乎相关规定 | 本人及身份证明与录取通知、考生档案等是否一致 | 身心健康状况是否符合报考专业体检要求"
"学生有下列哪些考试违规行为，可给予记过处分？","在考试中旁窥、交头接耳、打暗号或者手势 | 携带手机等通讯设备参加考试 | 在答卷上填写与本人身份不符的姓名、考号等信息 | 传、接物品或者交换试卷、答卷、草稿纸","在考试中旁窥、交头接耳、打暗号或者手势 | 携带手机等通讯设备参加考试 | 在答卷上填写与本人身份不符的姓名、考号等信息 | 传、接物品或者交换试卷、答卷、草稿纸"
"学校给予学生的纪律处分种类包括（）。","警告 | 严重警告 | 记过 | 留校察看 | 开除学籍 | 通报批评","警告 | 严重警告 | 记过 | 留校察看 | 开除学籍"
"学生在校期间依法履行下列哪些义务（）。","遵守宪法和法律、法规 | 恪守学术道德，完成规定学业 | 按规定缴纳学费及有关费用 | 可根据个人意愿选择是否遵守学校章程","遵守宪法和法律、法规 | 恪守学术道德，完成规定学业 | 按规定缴纳学费及有关费用"
"学生有下列哪些情形之一，学校可以给予开除学籍处分（）。","触犯国家法律，构成刑事犯罪的 | 代替他人或者让他人代替自己参加考试 | 组织作弊 | 一学期累计旷课达20学时的","代替他人或者让他人代替自己参加考试 | 组织作弊 | 触犯国家法律，构成刑事犯罪的"
"根据《福州大学学生管理规定》，学生可以申请提前毕业，提前毕业的时间原则上不超过一年。","对 | 错","对"
"学历证书和学位证书遗失或者损坏，经本人申请，学校核实后应当出具相应的证明书，证明书与原证书不具有同等效力。","对 | 错","错"
"学生在校组织、参与宗教活动，经告诫不改的，给予严重警告或记过处分。","对 | 错","对"
"学生休学期满，应当向学校提出复学申请，经学校复查合格，方可复学。","对 | 错","对"
"学生对学校的处理或者处分决定有异议的，可以在接到学校处理或者处分决定书之日起20日内，向学校学生申诉处理委员会提出书面申诉。","对 | 错","错"
"学生严重违反考核纪律或者作弊的，该课程考核成绩记为无效，并视情节给予纪律处分。","对 | 错","对"
"同一学年内，获得国家奖学金的学生可以同时申请并获得国家励志奖学金。","对 | 错","错"
"福州大学学生一学期申请免听的课程数一般不得超过()门。","1 | 3 | 4 | 2","2"
"学生每学期修读课程学分一般不宜低于（）学分。","10 | 12 | 15 | 18","15"
"各专业接收大一学生转专业的人数原则上不超过该专业入学时实际招生数的（）。","10% | 20% | 30% | 40%","20%"
"学生提前毕业的时间，原则上不超过（）。","半年 | 一年 | 一年半 | 两年","一年"
"考场必须保持安静，不允许做与考试无关的事情；未经监考人员许可，不得擅自进出考场。考试开始（）分钟后方可交卷，交卷后不得在考场附近逗留、谈论。","120 | 60 | 35 | 30","30"
"凡已在校学习满一学年以上的退学学生，按肄业处理，发给（）。","毕业证书 | 结业证书 | 肄业证书 | 写实性学习证明","肄业证书"
"学生有下列哪些情形，学位会可以撤销已授予学士学位（）。","学位论文代写剽窃伪造 | 冒用身份取得入学资格 | 课程正常考试挂科 | 存在依法不应当授予学位的其他严重违法行为","学位论文代写剽窃伪造 | 冒用身份取得入学资格"
"以下哪些属于A+类赛事？","中国国际大学生创新大赛 | “挑战杯”全国大学生课外学术科技作品竞赛 | “挑战杯”中国大学生创业计划竞赛 | ACM国际大学生程序设计竞赛","“挑战杯”全国大学生课外学术科技作品竞赛 | “挑战杯”中国大学生创业计划竞赛 | ACM国际大学生程序设计竞赛 | 中国国际大学生创新大赛"
"学生入学后复查内容主要包括（）。","录取手续及程序等是否合乎国家招生规定 | 本人及身份证明与录取通知、考生档案等是否一致 | 身心健康状况是否符合报考专业体检要求 | 学生家庭经济状况","录取手续及程序等是否合乎国家招生规定 | 本人及身份证明与录取通知、考生档案等是否一致 | 身心健康状况是否符合报考专业体检要求"
"本科学生已修读的必修课中，考核不及格的学分数累计达到30学分，学院应当直接予以退学处理，没有其他选择。","对 | 错","错"
"留校察看处分期满，学生表现良好，自动解除察看期，不需要办理任何手续。","对 | 错","错"
"除开除学籍处分外，给予学生处分一般应当设置6到12个月期限。","对 | 错","对"
"根据《福州大学学生管理规定》，本科学生一学期内请事假时间累计不得超过()。","半个月 | 一个月 | 两个月 | 三个月","一个月"
"对于思想政治理论课、德育、体育、军事理论、实验、实习、课程设计、毕业设计（论文）等课程，学生（）申请免听与免修。","可以 | 经批准可以 | 不得 | 特殊情况可以","不得"
"学生入学后，学校应在多长时间内按照国家招生规定进行复查（）。","1个月 | 2个月 | 3个月 | 6个月","2个月"
"已修读本专业培养方案规定的应修学分要求的全部课程，未达到毕业要求，但取得本专业培养方案规定的应修学分（）%者，按结业处理，发放结业证书。","90 | 85 | 80 | 75","80"
"大四下学期(建筑与城乡规划学院的为大五下学期)无专业课程的，或学期总学分低于（）学分的，不再评定优秀学生综合奖学金，改为评定专技奖。","25 | 20 | 18 | 15","15"
"每学年开学多长时间内，各学院必须再次核对学生住宿信息。","一星期内 | 十五天内 | 一个月内 | 两个月","一个月内"
"学士学位授予条件包括（）。","在本学科或者专业领域较好地掌握基础理论、专门知识和基本技能 | 具有从事学术研究或者承担专业实践工作的初步能力 | 通过规定的课程考核或者修满相应学分 | 必须在核心期刊发表一篇学术论文","在本学科或者专业领域较好地掌握基础理论、专门知识和基本技能 | 具有从事学术研究或者承担专业实践工作的初步能力 | 通过规定的课程考核或者修满相应学分"
"根据《福州大学学生管理规定》，本科学生一学期内请事假时间累计不得超过两个月。","对 | 错","错"
"根据《高等学校学生行为准则》，大学生应当“强健体魄，热爱生活”，积极参加文体活动，提高身体素质。","对 | 错","对"
"学生团体邀请校外人员到校举办讲座等活动，无需经学校批准。","对 | 错","错"
"综合素质评价成绩=学业测评成绩×80%+德育素质测评成绩×6%+智育素质测评成绩×5%+体育素质测评成绩×3%+美育素质测评成绩×3%+劳育素质测评成绩×3%。","对 | 错","错"
"偷窃未遂，经公安确认，也可以给予警告、严重警告处分。","对 | 错","对"
"学生未经批准连续（）未参加学校规定的教学活动的，学校可予退学处理。","一周 | 两周 | 三周 | 一个月","两周"
"一学期累计旷课达（）学时以上者，给予留校察看处分。","30 | 40 | 45 | 50","40"
"在上一学期平均学分绩点在()及以上的学生可在开学第一周内书面提出免听某门课程的申请。","3.0 | 3.3 | 3.7 | 4.0","3.0"
"学生一学期申请免听的课程数一般不得超过()门。","4 | 3 | 2 | 1","2"
"福州大学“三种精神”包括()","以魏可镁院士为代表的勇于拼搏的奉献精神 | 以卢嘉锡先生为代表的严谨求实的治学精神 | 以张孤梅同志为代表的艰苦奋斗的创业精神 | 以严复先生为代表的实业救国精神","以魏可镁院士为代表的勇于拼搏的奉献精神 | 以卢嘉锡先生为代表的严谨求实的治学精神 | 以张孤梅同志为代表的艰苦奋斗的创业精神"
"根据《福州大学学生安全管理规定》，发生安全事故后，以下做法正确的有()。","重大事故发生后，学校在一日内向上级主管部门报告 | 一般安全事故由学生所在学院负责调查 | 重大安全事故由公安部门会同有关部门组织调查组进行调查 | 事故调查组应按规定及时查清事故原因，界定事故责任","重大事故发生后，学校在一日内向上级主管部门报告 | 一般安全事故由学生所在学院负责调查 | 重大安全事故由公安部门会同有关部门组织调查组进行调查 | 事故调查组应按规定及时查清事故原因，界定事故责任"
"学校可以给予开除学籍处分的情形包括（）。","违反宪法，反对四项基本原则、破坏安定团结、扰乱社会秩序的 | 触犯国家法律，构成刑事犯罪的 | 受到治安管理处罚，情节严重、性质恶劣的 | 学位论文、公开发表的研究成果存在抄袭、篡改、伪造等学术不端行为，情节严重的","违反宪法，反对四项基本原则、破坏安定团结、扰乱社会秩序的 | 触犯国家法律，构成刑事犯罪的 | 受到治安管理处罚，情节严重、性质恶劣的 | 学位论文、公开发表的研究成果存在抄袭、篡改、伪造等学术不端行为，情节严重的"
"学生有下列哪些情形，学校可以给予开除学籍处分（）","代替他人考试、组织作弊 | 学位论文买卖、代写 | 触犯法律构成刑事犯罪 | 一次迟到早退","代替他人考试、组织作弊 | 学位论文买卖、代写 | 触犯法律构成刑事犯罪"
"重修及格之后，成绩单会对重修、补考成绩进行标注。","对 | 错","对"
"每学年开学一个月内，各学院须再次核对学生住宿信息。","对 | 错","对"
"学生入学未满一学期或者毕业前一年，不得转学。","对 | 错","对"
"学生在做与剧毒、易燃、易爆、放射性物质、有毒有害菌、强光源、有毒气体、高温、高压、强电等有关的危险性实验，必须在教师或实验技术人员指导下严格按操作规程进行，不得擅自操作。","对 | 错","对"
"未经选课擅自参加课程学习与考核的，其成绩不予承认。","对 | 错","对"
"学生在学期间，转专业可以多次申请，只要没有转成功就不算占用次数.","对 | 错","错"
"根据《普通高等学校学生管理规定》，新生入学后，学校应在()内按照国家招生规定进行复查。","1个月 | 2个月 | 3个月 | 6个月","3个月"
"优秀学生综合奖学金一等奖学金评定标准为学期综合测评名次在本专业学生前（）。","5% | 10% | 15% | 20%","10%"
"学生对复查决定有异议的，可在接到复查决定书之日起（）日内向省级教育行政部门提出书面申诉。","10 | 15 | 20 | 30","15"
"学生在课程修读过程中，未办理请假等有关手续而缺课的学时数，超过该门课程教学计划时数的（）或未完成课程规定的作业量者，取消其参加该课程考核资格。","1/3 | 1/4 | 1/5 | 1/6","1/3"
"学生入学后，学校应在（）内按照国家招生规定进行复查。","一个月内 | 两个月内 | 三个月内 | 半年内","两个月内"
"本科生转专业不可以在以下哪个时间节点申请（）","第二学期末 | 第一学期末 | 第三学期末 | 第五学期末","第五学期末"
"学生打架斗殴，处理原则正确的是（）。","挑起事端动手打人给予相应处分 | 致人受伤要承担医疗赔偿 | 持械打人从重处分 | 劝架就完全没有责任","挑起事端动手打人给予相应处分 | 致人受伤要承担医疗赔偿 | 持械打人从重处分"
"以下哪些课程学生不得申请免听与免修？","思想政治理论课 | 体育 | 实验、实习 | 毕业设计（论文）","思想政治理论课 | 体育 | 实验、实习 | 毕业设计（论文）"
"学生不得有下列哪些违法行为（）。","酗酒、打架斗殴 | 赌博、吸毒 | 传播、复制、贩卖非法书刊和音像制品 | 参与非法传销和进行邪教、封建迷信活动","酗酒、打架斗殴 | 赌博、吸毒 | 传播、复制、贩卖非法书刊和音像制品 | 参与非法传销和进行邪教、封建迷信活动"
"下列关于日常学生违纪违规（宿舍安全及其他）但尚未达到处分程度的扣分标准的说法，正确的是（）。","晚熄灯后迟归扣0.2分/次，夜不归宿者扣0.8分/次，冒名顶替晚点名扣0.1分/次 | 留宿非本宿舍人员，扣1.2分/次 | 未按时熄灯，或在熄灯后影响他人休息，扣0.2分/次 | 在宿舍区饮酒，扣0.5分/次，酗酒者按学生管理规定处分并扣分","晚熄灯后迟归扣0.2分/次，夜不归宿者扣0.8分/次，冒名顶替晚点名扣0.1分/次 | 留宿非本宿舍人员，扣1.2分/次"
"辅修专业学士学位不在单独发放学位证书，在主修学位证书注明。","对 | 错","对"
"毕业设计（论文）中引用他人的观点或论述，可以不注明出处。","对 | 错","错"
"除开除学籍处分以外，给予学生处分一般应当设置3到6个月期限，到期按学校规定程序予以解除。","对 | 错","错"
"6.学生入学后，学校应当在 3 个月内按照国家招生规定进行复查。复查内容包括()","录取手续及程序等是否合乎国家招生规定 | 所获得的录取资格是否真实、合乎相关规定 | 身心健康状况是否符合报考专业或者专业类别体检要求，能否保证在校正常学习、生活 | 以上都","以上都"
"学生已修读的必修课中，课程考核不及格的学分数累计达到()学分，给予学业危机警告，由所在学院书面通知学生本人及家长。","20 | 15 | 13 | 10","15"
"关于学生请假，下列说法正确的有()","请假无需办理任何手续 | 因病请假需有二级甲等以上医院或学校指定的医院证明 | 一学期内请病假时间累计超过全学期学习周数1/2的，按休学处理 | 病假三天及三天以内的，由辅导员批准","因病请假需有二级甲等以上医院或学校指定的医院证明 | 一学期内请病假时间累计超过全学期学习周数1/2的，按休学处理 | 病假三天及三天以内的，由辅导员批准"
"根据《福州大学学生住宿管理办法》，学生退宿集中办理期一般安排在()。","每学期第一个月 | 每学期最后一个月 | 可办理下一学期的退宿手续 | 退宿后一年内不得重新申请","每学期最后一个月 | 可办理下一学期的退宿手续 | 退宿后一年内不得重新申请"
"学生有下列哪些情形之一，学校可予退学处理？","学业成绩未达到学校要求或者在学校规定的学习年限内未完成学业的 | 休学、保留学籍期满，在学校规定期限内未提出复学申请或者申请复学经复查不合格的 | 未经批准连续两周未参加学校规定的教学活动的 | 超过学校规定期限未注册而又未履行暂缓注册手续的","学业成绩未达到学校要求或者在学校规定的学习年限内未完成学业的 | 休学、保留学籍期满，在学校规定期限内未提出复学申请或者申请复学经复查不合格的 | 未经批准连续两周未参加学校规定的教学活动的 | 超过学校规定期限未注册而又未履行暂缓注册手续的"
"学生违法违纪后，有下列哪些情形之一的，可以从轻或者减轻处分（）。","主动交代本人违法违纪行为，有明显悔改表现的 | 主动挽回损失或者有效阻止危害结果发生的 | 主动退出违法违纪所得的 | 违纪后态度强硬，拒不认错的","主动交代本人违法违纪行为，有明显悔改表现的 | 主动挽回损失或者有效阻止危害结果发生的 | 主动退出违法违纪所得的"
"学位获得者有下列情形之一的，校学位评定委员会可撤销其已获得的学士学位（）。","学位论文、毕业设计或者实践成果被认定为存在代写、剽窃、伪造等学术不端行为 | 盗用、冒用他人身份，顶替他人取得的入学资格 | 以其他非法手段取得入学资格、毕业证书 | 毕业后自愿放弃学位的","学位论文、毕业设计或者实践成果被认定为存在代写、剽窃、伪造等学术不端行为 | 盗用、冒用他人身份，顶替他人取得的入学资格 | 以其他非法手段取得入学资格、毕业证书"
"属于学校违纪处分可以从轻、减轻处分的情形（）","主动交代违纪行为，悔改明显 | 主动挽回损失 | 主动退出违纪所得 | 串供销毁证据","主动交代违纪行为，悔改明显 | 主动挽回损失 | 主动退出违纪所得"
"学生本人申请退学，经学校审核可以办理退学手续。","对 | 错","对"
"《中华人民共和国学位法》规定，学位工作坚持中国共产党的领导，全面贯彻国家的教育方针。","对 | 错","对"
"学生对退学决定有异议的，可以按规定提出申诉。","对 | 错","对"
"勤工助学活动由学生自行在校外组织，学校不予管理。","对 | 错","错"
"学生已修读必修课不及格累计达到20学分，由学院劝其退学。","对 | 错","错"
"学校应当开展学生诚信教育，以适当方式记录学生学业、学术、品行等方面的诚信信息，对有严重失信行为的，可以规定给予相应的纪律处分。","对 | 错","对"
"学生一学期申请免听课程一般不超过 2 门。","对 | 错","对"
"学生学位论文、公开发表的研究成果存在抄袭、篡改、伪造等学术不端行为，视情节轻重及后果，给予（）处分。","警告至严重警告 | 严重警告至记过 | 记过以上 | 留校察看以上","记过以上"
"学制年限期满，已修读本专业培养方案规定的应修学分要求的全部课程，仍有小于（）%的应修学分未获得，且不愿意延长修业时间的，可申请结业，由学校核准后发给结业证书。","25 | 20 | 15 | 10","20"
"学生收到处分决定书，对处理有异议，应当在收到决定书（）日内向学校学生申诉处理委员会提交书面申诉","7 | 10 | 15 | 30","10"
"根据《中华人民共和国学位法》，学位授予单位设立学位评定委员会，履行下列哪些职责？","审议本单位学位授予的实施办法和具体标准 | 审议学位授予点的增设、撤销等事项 | 作出授予、不授予、撤销相应学位的决议 | 研究处理学位授予争议","审议本单位学位授予的实施办法和具体标准 | 审议学位授予点的增设、撤销等事项 | 作出授予、不授予、撤销相应学位的决议 | 研究处理学位授予争议"
"学生寻衅滋事、打架斗殴，有下列情形之一的，视情节轻重给予处分。","挑起事端或动手打人者 | 致人轻微伤者 | 致人轻伤或重伤者 | 虽未动手打人，但用言语侮辱或以其它方式触犯他人，引起事端或激化矛盾者 | 策划、怂恿、教唆他人打架斗殴者 | 主动劝架并有效制止事态扩大的","挑起事端或动手打人者 | 致人轻微伤者 | 致人轻伤或重伤者 | 虽未动手打人，但用言语侮辱或以其它方式触犯他人，引起事端或激化矛盾者 | 策划、怂恿、教唆他人打架斗殴者"
"学生有哪些情况，取消课程考核资格（）","缺课超过课程总学时 1/3 | 未完成课程规定作业量 | 办理正规请假手续，获准缺课 | 未办理选课手续擅自上课","未完成课程规定作业量 | 未办理选课手续擅自上课 | 缺课超过课程总学时 1/3"
"学生应当参加学校教育教学计划规定的课程和各种教育教学环节的考核，考核分为考试和考查两种，考核不合格的课程均在下学期开学安排一次补考。","对 | 错","错"
"若学生对第一次修读的已及格课程的考核成绩不满意，经慎重考虑后可在每学期开学后二周内书面申请重新修读该课程。","对 | 错","对"
"通过补考后所获得的及格以上（含及格）成绩，成绩绩点均记为1。","对 | 错","对"
"在考试期间被监考人员发现携带手机，无论是开机还是关机，均为违规行为，取消该次考试成绩。","对 | 错","对"
"学生入学后，学校应当在()内按照国家招生规定进行复查。","3个月 | 1个月 | 6个月 | 1年","3个月"
"学生申诉处理委员会对学生提出的申诉进行复查，并在接到书面申诉之日起（）内作出复查结论。","10日 | 15日 | 20日 | 30日","15日"
"上一学期平均学分绩点在（）及以上的学生可在开学第一周内书面提出免听某门课程的申请。","2.0 | 2.5 | 3.0 | 3.5","3.0"
"学生有下列哪些情形之一，按结业处理？","修业年限期满时，已修读本专业培养方案规定的应修学分要求的全部课程，未达到毕业要求，但取得本专业培养方案规定的应修学分80%者 | 毕业时，学生体质健康测试成绩达不到50分者 | 修业年限期满时，已修读本专业培养方案规定的应修学分要求的全部课程，未达到毕业要求，但取得本专业培养方案规定的应修学分70%者 | 毕业时，学生体质健康测试成绩达不到60分者","修业年限期满时，已修读本专业培养方案规定的应修学分要求的全部课程，未达到毕业要求，但取得本专业培养方案规定的应修学分80%者 | 毕业时，学生体质健康测试成绩达不到50分者"
"选修课不及格课程学校会统一安排补考。","对 | 错","错"
"学历证书和学位证书遗失或者损坏，经本人申请，学校核实后可出具证明书，证明书与原证书具有同等效力。","对 | 错","对"
"学生可以在校外租房居住，无需学校批准。","对 | 错","错"
"综合素质评价成绩中，学业测评成绩所占权重为（）。","60% | 70% | 80% | 90%","80%"
"上课迟到、早退者（）次折算为旷课1学时。","二次 | 四次 | 三次 | 五次","三次"
"学生对学校给予的处分不服，只能向学校申诉，不能向教育行政部门申诉。","对 | 错","错"
"本科学生已修读的必修课中，考核不及格学分累计达到()学分，由学院劝其退学。","10 | 20 | 30 | 40","30"
"国家励志奖学金的奖励对象为（）及以上的助学对象。","一年级 | 二年级 | 三年级 | 四年级","二年级"
"勤工助学岗位类型分为（）。","固定岗位 | 临时岗位 | 项目型岗位 | 校外无登记私自兼职","固定岗位 | 临时岗位 | 项目型岗位"
"学生违纪后，有下列哪些情形之一，从重或者加重处分？","违法、违纪行为的主要责任人或组织者 | 强迫、唆使他人违法、违纪的 | 串供、抵赖或者伪造、销毁、隐匿证据的 | 屡次违法、违纪受到纪律处分，经教育不改者","违法、违纪行为的主要责任人或组织者 | 强迫、唆使他人违法、违纪的 | 串供、抵赖或者伪造、销毁、隐匿证据的 | 屡次违法、违纪受到纪律处分，经教育不改者"
"学生申请免修课程，可以不参加免修考试直接免修。","对 | 错","错"
"学生休学期间，学校为其保留学籍，但不享受在校学习学生待遇。","对 | 错","对"
"学生每学期修读课程学分一般不宜低于15学分，也不宜超过30学分。","对 | 错","对"
"应征入伍学生可保留学籍至退役后1年。","对 | 错","错"
"学生携带手机等通讯设备参加考试，给予()处分。","记过 | 警告 | 严重警告 | 留校察看","严重警告"
"福州大学辅修专业总学分控制在()学分。","30～40 | 45～50 | 20～30 | 42～45","42～45"
"本科学生毕业时，体质健康测试成绩达不到()分者按结业处理。","30 | 40 | 50 | 60","50"
"学生在考试中携带手机等通讯设备参加考试的，给予（）处分。","警告 | 严重警告 | 记过 | 留校察看","记过"
"每学期修读课程学分一般不宜超过（）。","20学分 | 25学分 | 30学分 | 35学分","30学分"
"在宿舍有下列哪些行为，负面评价中会被扣分？","保管或使用违规电器 | 夜不归宿 | 在宿舍或教室吸烟 | 以攀爬、翻越等不正当方式进出学生公寓","保管或使用违规电器 | 夜不归宿 | 在宿舍或教室吸烟 | 以攀爬、翻越等不正当方式进出学生公寓"
"福州大学优秀学生综合奖学金分为哪几个等级（）","一等奖 1500 元 / 学期 | 二等奖 1000 元 / 学期 | 三等奖 500 元 / 学期 | 特等奖 3000 元 / 学期","一等奖 1500 元 / 学期 | 二等奖 1000 元 / 学期 | 三等奖 500 元 / 学期"
"辅修学生已获得辅修专业学分达到25学分但未修满全部学分的，由学校发给辅修课程证明。","对 | 错","对"
"根据《福州大学学生管理规定》，本科学生一学期内旷课累计达()学时，给予记过处分。","10 | 20 | 30 | 40","30"
"本科生一般按四学年安排学习进程(五年制本科生按五学年安排学习进程)，每学期修读课程的学分一般不宜超过30学分，也不宜低于（）学分。","20 | 18 | 15 | 13","15"
"学生可以在校园BBS等公共发帖板块匿名发布信息，无需实名注册。","对 | 错","错"
"在一学期内请病假时间累计超过全学期学习周数的1/2的，按休学处理。","对 | 错","对"
"学历证书和学位证书遗失或者损坏，经本人申请，学校核实后可出具相应的证明书。证明书与原证书具有同等效力。","对 | 错","对"
"学校对学生可以给予的纪律处分种类包括()","留校察看 | 开除学籍 | 警告 | 记过 | 严重警告","严重警告 | 开除学籍 | 留校察看 | 警告 | 记过"
"毕业时体质健康测试成绩达不到50分者按结业处理。","对 | 错","对"
"根据教育部 41 号令，新生因故不能按期入学，除不可抗力外，未请假或者请假逾期，视为（）","休学 | 放弃入学资格 | 退学 | 保留入学资格","放弃入学资格"
"综合素质评价成绩由哪几部分构成（）","学业测评成绩 | 德育素质测评 | 智育素质测评 | 体育、美育、劳育素质测评 | 负面评价扣分","学业测评成绩 | 德育素质测评 | 智育素质测评 | 体育、美育、劳育素质测评 | 负面评价扣分"
"对于思想政治理论课、德育、体育、军事理论、实验、实习、课程设计、毕业设计（论文）等课程，学生均不得申请免听与免修。","对 | 错","对"
"留校察看处分期满，但经教育不改或在留校察看期间又有违纪行为者，给予延长察看期或开除学籍处分。","对 | 错","对"
"学生在校期间依法享有以适当方式参与学校管理的权利。","对 | 错","对"
"学生参加勤工助学的时间原则上每周不超过8小时。","对 | 错","对"
"根据《福州大学学生文化科技创新创业奖学金实施细则》，A+类赛事是指（）。","中国国际大学生创新大赛 | “挑战杯”全国大学生课外学术科技作品竞赛 | “挑战杯”中国大学生创业计划竞赛 | 全国大学生数学建模竞赛","“挑战杯”中国大学生创业计划竞赛 | “挑战杯”全国大学生课外学术科技作品竞赛 | 中国国际大学生创新大赛"
"学生有哪些行为，学校可以从重或者加重处分（）","违纪事件组织者、主要责任人 | 唆使他人违纪 | 打击报复证人检举人 | 主动投案认错","唆使他人违纪 | 打击报复证人检举人 | 违纪事件组织者、主要责任人"
"勤工助学学生每周工作时间原则上不能超过8小时。","对 | 错","对"
"根据《福州大学学生安全管理规定》，发生台风、洪水、地震等自然灾害时，学生必须无条件服从学校统一调度安排。","对 | 错","对"
"按结业处理的学生，需取得本专业培养方案规定的应修学分的（）以上。","70% | 75% | 80% | 85%","80%"
"以下哪些属于校级奖学金项目？","优秀学生综合奖学金 | 文化科技创新创业奖学金 | 单项奖学金 | 国家奖学金","优秀学生综合奖学金 | 文化科技创新创业奖学金 | 单项奖学金"
"《高等学校学生行为准则》要求大学生应“勤奋学习，自强不息”，追求真理，崇尚科学。","对 | 错","对"
"综合素质评价成绩只包含学业测评成绩，不包含其他素质测评。","对 | 错","错"
"学生在校期间依法履行的义务包括（）。","遵守宪法和法律、法规 | 遵守学校章程和规章制度 | 恪守学术道德，完成规定学业 | 免修培养方案规定的课程","遵守宪法和法律、法规 | 遵守学校章程和规章制度 | 恪守学术道德，完成规定学业"
"转专业的学生一旦被录取且在规定的公示期结束后，不得放弃转专业资格。","对 | 错","对"
"学生应当在规定时间内按照学校公布的开课计划进行选课，未经选课不得参加课程学习与考核。","对 | 错","对"
"学生在校期间允许辅修（）个专业。","不限 | 三 | 两 | 一","一"
"对学生的表彰和奖励可以采取以下哪些形式（）。","授予""三好学生""称号 | 授予其他荣誉称号 | 颁发奖学金 | 直接免试攻读研究生无需审核","授予""三好学生""称号 | 授予其他荣誉称号 | 颁发奖学金"
"学生休学期间，以下说法正确的是（）。","学校保留其学籍 | 不享受在校学习学生的待遇 | 休学期间发生的事故，学校不承担任何责任 | 休学期间仍需缴纳全额住宿费","不享受在校学习学生的待遇 | 休学期间发生的事故，学校不承担任何责任 | 学校保留其学籍"
"下列关于日常学生违纪违规（宿舍安全及其他）但尚未达到处分程度的扣分标准的说法，错误的是（）。","燃放鞭炮、焰火及点蜡烛、蚊香，焚烧物品、纸张等使用明火行为，扣0.6分/人 | 保管或使用违规电器，扣1.2分/次 | 以攀爬、翻越等不正当方式进出学生公寓、宿舍区，扣0.6分/次 | 将易燃、易爆、有毒物品或受治安管制的刀具、凶器带进学校，扣1.2分/次","燃放鞭炮、焰火及点蜡烛、蚊香，焚烧物品、纸张等使用明火行为，扣0.6分/人 | 以攀爬、翻越等不正当方式进出学生公寓、宿舍区，扣0.6分/次"
"毕业时，学生体质健康测试成绩达不到50分的，按结业处理。","对 | 错","对"
"本科生一学期病假累计超过全学期学习周数 1/2 的，按（）处理","退学 | 休学 | 留级 | 结业","休学"
"学生交卷后可以在考场附近逗留、谈论。","对 | 错","错"
"新生因疾病申请保留入学资格的，可保留入学资格（）。","半年至一年 | 1至2年 | 2至3年 | 3年","1至2年"
"正常选课在学期末进行，补退选课、重新学习选课在学期初进行。每学期各阶段选课的具体时间在学校教务处网站上发布。","对 | 错","对"
"勤工助学学生参加勤工助学时间原则上每周不超过 8 小时，每月不超过 40 小时。","对 | 错","对"
"根据《福州大学学生安全管理规定》，组织学生集体外出活动，一般应通过()组织。","学生自发 | 正规旅行社 | 社会团体 | 家长委员会","正规旅行社"
"根据《普通高等学校学生管理规定》，学生思想品德的考核、鉴定，采取以下哪些形式进行？","个人小结 | 师生民主评议 | 综合测评 | 笔试","个人小结 | 师生民主评议 | 综合测评"
"根据《福州大学学生管理规定》，本科学生在校期间依法履行的义务包括()。","遵守宪法和法律、法规 | 恪守学术道德，完成规定学业 | 参加社会实践、志愿服务、勤工助学等活动 | 遵守学生行为规范，尊敬师长","恪守学术道德，完成规定学业 | 遵守学生行为规范，尊敬师长 | 遵守宪法和法律、法规"
"国家励志奖学金要求学生为家庭经济困难品学兼优学生。","对 | 错","对"
"学生打架斗殴，下面说法正确的是（）","挑起事端动手打人，视情节给予严重警告或记过 | 持械打人从重处分 | 致人轻伤，构成刑事犯罪免于刑事处罚可给予留校察看以上处分 | 参与斗殴没有受伤就不会受处分","持械打人从重处分 | 挑起事端动手打人，视情节给予严重警告或记过 | 致人轻伤，构成刑事犯罪免于刑事处罚可给予留校察看以上处分"
"一学期累计旷课达（）学时者，给予警告处分。","20 | 15 | 12 | 10","10"
"优秀学生综合奖学金每学期评定一次，于每年（）月、（）月进行。","4 | 6 | 10 | 12","4 | 10"
"学校对学生作出处分决定时，处分决定书中可以不告知申诉途径和期限。","对 | 错","错"
"根据《福州大学学生文化科技创新创业奖学金实施细则》，A+类赛事“中国国际大学生创新大赛”的入围冠军赛项目给予()元奖励。","50,000 | 80,000 | 100,000 | 200,000","100,000"
"已获得主修专业毕业证书，未修满辅修专业培养方案规定的全部学分，但已获得辅修专业学分达到（）学分，由学校发给辅修课程证明。","35 | 30 | 25 | 20","30"
"学生可以在申诉期结束之后，无限次再就同一事件向学校提出申诉。","对 | 错","错"
"每学期开学时，学生未报到或未缴纳学费者，视为未办理注册手续，不能参加（）等所有教学活动。","选课 | 听课 | 考试 | 以上都是","以上都是"
"国家奖学金的奖励标准为每人每年10000元。","对 | 错","对"
"根据《福州大学本科生转专业管理实施办法》，学生符合以下哪些情形可以申请转专业？","在学习期间对其他专业有兴趣和专长的 | 因患病或者有特殊困难、特别需要，无法继续在本专业学习或者不适应本专业学习要求，但尚可在其他专业学习的 | 对现专业不感兴趣但无其他特殊原因的 | 为方便考研选择更容易录取的专业的","在学习期间对其他专业有兴趣和专长的 | 因患病或者有特殊困难、特别需要，无法继续在本专业学习或者不适应本专业学习要求，但尚可在其他专业学习的"
"福州大学的“三种精神”是（）。","以张孤梅同志为代表的艰苦奋斗的创业精神 | 以卢嘉锡先生为代表的严谨求实的治学精神 | 以魏可镁院士为代表的勇于拼搏的奉献精神 | 以陈景润先生为代表的刻苦钻研的探索精神","以张孤梅同志为代表的艰苦奋斗的创业精神 | 以卢嘉锡先生为代表的严谨求实的治学精神 | 以魏可镁院士为代表的勇于拼搏的奉献精神"
"关于学生住宿管理，下列说法正确的有()","严禁翻越围墙、攀爬门窗等违规入室行为 | 每学年开学一个月内，各学院须再次核对各年级学生住宿信息 | 严禁未经批准擅自在校外租房居住 | 可以随意留宿外来无关人员","严禁翻越围墙、攀爬门窗等违规入室行为 | 每学年开学一个月内，各学院须再次核对各年级学生住宿信息 | 严禁未经批准擅自在校外租房居住"
"学术不端行为包括（）。","剽窃、抄袭、侵占他人学术成果 | 篡改他人研究成果 | 伪造科研数据、资料、文献、注释 | 未参加研究或创作而在研究成果、学术论文上署名 | 买卖论文、由他人代写或者为他人代写论文","剽窃、抄袭、侵占他人学术成果 | 篡改他人研究成果 | 伪造科研数据、资料、文献、注释 | 未参加研究或创作而在研究成果、学术论文上署名 | 买卖论文、由他人代写或者为他人代写论文"
"学校给予学生的纪律处分种类包括（）。","警告 | 严重警告 | 记过 | 留校察看 | 开除学籍","警告 | 严重警告 | 记过 | 留校察看 | 开除学籍"
"学生体育成绩评定���突出过程管理，可以根据考勤、课内教学、课外锻炼活动和体质健康等情况综合评定。","对 | 错","对"
"学生因退学等情况中止学业，其在校学习期间所修���程及已获得学分，学校不予记录。","对 | 错","错"
"学生寻衅滋事、打架斗殴，有下列情形之一的，视情节轻重给予处分。","挑起事端或动手打人者 | 致人轻微伤者 | 致人轻伤或重伤者 | 虽未动手打人，但用言语侮辱或以其它方式触犯他人，引起事端或激化矛盾者 | 策划、怂恿、教唆他人打架斗殴者","挑起事端或动手打人者 | 致人轻微伤者 | 致人轻伤或重伤者 | 虽未动手打人，但用言语侮辱或以其它方式触犯他人，引起事端或激化矛盾者 | 策划、怂恿、教唆他人打架斗殴者"
"学生有下列哪些情形之一，学校可予退学处理？","学业成绩未达到学校要求或者在学校规定的学习年限内未完成学业的 | 休学、保留学籍期满，在学校规定期限内未提出复学申请或者申请复学经复查不合格的 | 根据学校指定医院诊断，患有疾病或者意外伤残不能继续在校学习的 | 未经批准连续两周未参加学校规定的教学活动的 | 超过学校规定期限未注册而又未履行暂缓注册手续的","学业成绩未达到学校要求或者在学校规定的学习年限内未完成学业的 | 休学、保留学籍期满，在学校规定期限内未提出复学申请或者申请复学经复查不合格的 | 根据学校指定医院诊断，患有疾病或者意外伤残不能继续在校学习的 | 未经批准连续两周未参加学校规定的教学活动的 | 超过学校规定期限未注册而又未履行暂缓注册手续的"
"学生有下列哪些情形之一，学校可以给予开除学籍处分？","违反宪法，反对四项基本原则、破坏安定团结、扰乱社会秩序的 | 触犯国家法律，构成刑事犯罪的 | 受到治安管理处罚，情节严重、性质恶劣的 | 代替他人或者让他人代替自己参加考试、组织作弊、使用通讯设备或其他器材作弊的 | 学位论文存在抄袭、篡改、伪造等学术不端行为，情节严重的","违反宪法，反对四项基本原则、破坏安定团结、扰乱社会秩序的 | 触犯国家法律，构成刑事犯罪的 | 受到治安管理处罚，情节严重、性质恶劣的 | 代替他人或者让他人代替自己参加考试、组织作弊、使用通讯设备或其他器材作弊的 | 学位论文存在抄袭、篡改、伪造等学术不端行为，情节严重的"
"学生违反学校关于学生宿舍管理的有关规定，视其情节轻重，给予下列哪些处分？","未经批准，随便调换、私自占用学生宿舍或出租床位，经批评教育不改者 | 未经批准擅自留宿非本宿舍成员，经批评教育不改者 | 宿舍内使用明火、违规电器，私拉电线者 | 住宿生未经批准，私自在校外租房住者 | 在学生宿舍内饲养宠物，经劝阻无效者","住宿生未经批准，私自在校外租房住者 | 在学生宿舍内饲养宠物，经劝阻无效者 | 宿舍内使用明火、违规电器，私拉电线者 | 未经批准擅自留宿非本宿舍成员，经批评教育不改者"
"学生违法违纪后，有下列哪些情形之一，从重或者加重处分？","违法、违纪行为的主要责任人或组织者 | 强迫、唆使他人违法、违纪的 | 串供、抵赖或者伪造、销毁、隐匿证据的 | 阻止他人揭发检举、提供证据材料的 | 包庇同案人员或者打击报复批评人、检举人、控告人、证人及其他人员的","串供、抵赖或者伪造、销毁、隐匿证据的 | 包庇同案人员或者打击报复批评人、检举人、控告人、证人及其他人员的 | 强迫、唆使他人违法、违纪的 | 违法、违纪行为的主要责任人或组织者 | 阻止他人揭发检举、提供证据材料的"
"根据《普通高等学校学生管理规定》，学生在校期间依法享有下列哪些权利？","参加学校教育教学计划安排的各项活动，使用学校提供的教育教学资源 | 参加社会实践、志愿服务、勤工助学、文娱体育及科技文化创新等活动 | 申请奖学金、助学金及助学贷款 | 在思想品德、学业成绩等方面获得科学、公正评价，完成学校规定学业后获得相应的学历证书、学位证书 | 在校内组织、参加学生团体，以适当方式参与学校管理","参加社会实践、志愿服务、勤工助学、文娱体育及科技文化创新等活动 | 在思想品德、学业成绩等方面获得科学、公正评价，完成学校规定学业后获得相应的学历证书、学位证书 | 在校内组织、参加学生团体，以适当方式参与学校管理 | 申请奖学金、助学金及助学贷款"
"根据《普通高等学校学生管理规定》，学生在校期间依法履行下列哪些义务？","遵守宪法和法律、法规 | 遵守学校章程和规章制度 | 恪守学术道德，完成规定学业 | 按规定缴纳学费及有关费用 | 遵守学生行为规范，尊敬师长，养成良好的思想品德和行为习惯","恪守学术道德，完成规定学业 | 按规定缴纳学费及有关费用 | 遵守学校章程和规章制度 | 遵守学生行为规范，尊敬师长，养成良好的思想品德和行为习惯"
"根据《福州大学学生住宿管理办法》，以下哪些行为是禁止的？","擅自调换、私占、出借、出租、转让床位 | 留宿非本宿舍成员 | 私拉电线、使用违规电器 | 宿舍内饲养宠物 | 高空抛物","擅自调换、私占、出借、出租、转让床位 | 留宿非本宿舍成员 | 私拉电线、使用违规电器 | 宿舍内饲养宠物 | 高空抛物"
"根据《福州大学本科生综合素质评价参考细则》，以下哪些情况属于宿舍违纪扣分行为？","无故迟到早退 | 夜不归宿 | 保管或使用违规电器 | 在宿舍或教室吸烟 | 留宿非本宿舍人员","保管或使用违规电器 | 在宿舍或教室吸烟 | 夜不归宿 | 无故迟到早退 | 留宿非本宿舍人员"
"根据《福州大学本科生转专业管理实施办法》，学生有下列哪些情形之一的，不得转专业？","国家有相关规定或者录取前与学校有明确约定的 | 定向生、高水平运动队 | 中外合作办学、闽台高校联合培养人才项目的学生 | 本科四年级（含）以上学生 | 保留入学资格、保留学籍、休学期间的","国家有相关规定或者录取前与学校有明确约定的 | 定向生、高水平运动队 | 中外合作办学、闽台高校联合培养人才项目的学生 | 本科四年级（含）以上学生 | 保留入学资格、保留学籍、休学期间的"
"根据《福州大学本科生转学管理实施办法（暂行）》，学生有下列哪些情形之一，不得转学？","入学未满一学期或者毕业前一年的 | 高考成绩低于拟转入学校相关专业同一生源地相应年份录取成绩的 | 由低学历层次转为高学历层次的 | 以定向就业录取的 | 无正当转学理由的","入学未满一学期或者毕业前一年的 | 高考成绩低于拟转入学校相关专业同一生源地相应年份录取成绩的 | 由低学历层次转为高学历层次的 | 以定向就业录取的 | 无正当转学理由的"
"根据《福州大学考场规则》，以下哪些行为属于考试违规行为？","携带手机进入考场 | 考试中交头接耳、左顾右盼 | 夹带与考试内容相关的材料 | 考试宣布结束时继续答题 | 将试卷和草稿纸带走","携带手机进入考场 | 考试中交头接耳、左顾右盼 | 夹带与考试内容相关的材料 | 考试宣布结束时继续答题 | 将试卷和草稿纸带走"
"根据《普通高等学校学生管理规定》，学生在校期间依法享有下列哪些权利？","参加社会实践、志愿服务、勤工助学、文娱体育及科技文化创新等活动 | 申请奖学金、助学金及助学贷款 | 在思想品德、学业成绩等方面获得科学、公正评价，完成学校规定学业后获得相应的学历证书、学位证书 | 在校内组织、参加学生团体，以适当方式参与学校管理 | 遵守学校章程和规章制度","参加社会实践、志愿服务、勤工助学、文娱体育及科技文化创新等活动 | 申请奖学金、助学金及助学贷款 | 在思想品德、学业成绩等方面获得科学、公正评价，完成学校规定学业后获得相应的学历证书、学位证书 | 在校内组织、参加学生团体，以适当方式参与学校管理"
"学生违反学校关于学生宿舍管理的有关规定，视其情节轻重，给予下列哪些处分？","未经批准擅自留宿非本宿舍成员，经批评教育不改者 | 宿舍内使用明火、违规电器，私拉电线者 | 住宿生未经批准，私自在校外租房住者 | 在学生宿舍内饲养宠物，经劝阻无效者 | 按时熄灯就寝的","未经批准擅自留宿非本宿舍成员，经批评教育不改者 | 宿舍内使用明火、违规电器，私拉电线者 | 住宿生未经批准，私自在校外租房住者 | 在学生宿舍内饲养宠物，经劝阻无效者"
"学生有下列哪些情形之一，学校可予退学处理？","休学、保留学籍期满，在学校规定期限内未提出复学申请或者申请复学经复查不合格的 | 根据学校指定医院诊断，患有疾病或者意外伤残不能继续在校学习的 | 未经批准连续两周未参加学校规定的教学活动的 | 超过学校规定期限未注册而又未履行暂缓注册手续的 | 一学期旷课累计达20学时的","休学、保留学籍期满，在学校规定期限内未提出复学申请或者申请复学经复查不合格的 | 根据学校指定医院诊断，患有疾病或者意外伤残不能继续在校学习的 | 未经批准连续两周未参加学校规定的教学活动的 | 超过学校规定期限未注册而又未履行暂缓注册手续的"
"根据《福州大学考场规则》，以下哪些行为属于考试违规行为？","考试中交头接耳、左顾右盼 | 夹带与考试内容相关的材料 | 考试宣布结束时继续答题 | 将试卷和草稿纸带走 | 按指定座位入座参加考试","考试中交头接耳、左顾右盼 | 夹带与考试内容相关的材料 | 考试宣布结束时继续答题 | 将试卷和草稿纸带走"
"根据《福州大学本科生综合素质评价参考细则》，以下哪些情况属于宿舍违纪扣分行为？","夜不归宿 | 保管或使用违规电器 | 在宿舍或教室吸烟 | 留宿非本宿舍人员 | 按时熄灯就寝","夜不归宿 | 保管或使用违规电器 | 在宿舍或教室吸烟 | 留宿非本宿舍人员"
"根据《福州大学本科生转学管理实施办法（暂行）》，学生有下列哪些情形之一，不得转学？","高考成绩低于拟转入学校相关专业同一生源地相应年份录取成绩的 | 由低学历层次转为高学历层次的 | 以定向就业录取的 | 无正当转学理由的 | 因患病或者有特殊困难需要转学的","高考成绩低于拟转入学校相关专业同一生源地相应年份录取成绩的 | 由低学历层次转为高学历层次的 | 以定向就业录取的 | 无正当转学理由的"
"学术不端行为包括（）。","篡改他人研究成果 | 伪造科研数据、资料、文献、注释 | 未参加研究或创作而在研究成果、学术论文上署名 | 买卖论文、由他人代写或者为他人代写论文 | 在论文中规范引用他人成果并注明出处的","篡改他人研究成果 | 伪造科研数据、资料、文献、注释 | 未参加研究或创作而在研究成果、学术论文上署名 | 买卖论文、由他人代写或者为他人代写论文"
"学校给予学生的纪律处分种类包括（）。","严重警告 | 记过 | 留校察看 | 开除学籍 | 通报批评","严重警告 | 记过 | 留校察看 | 开除学籍"
"根据《福州大学本科生转专业管理实施办法》，学生有下列哪些情形之一的，不得转专业？","定向生、高水平运动队 | 中外合作办学、闽台高校联合培养人才项目的学生 | 本科四年级（含）以上学生 | 保留入学资格、保留学籍、休学期间的 | 本科一年级学生","定向生、高水平运动队 | 中外合作办学、闽台高校联合培养人才项目的学生 | 本科四年级（含）以上学生 | 保留入学资格、保留学籍、休学期间的"
"根据《福州大学学生住宿管理办法》，以下哪些行为是禁止的？","留宿非本宿舍成员 | 私拉电线、使用违规电器 | 宿舍内饲养宠物 | 高空抛物 | 在宿舍内正常使用台灯学习","留宿非本宿舍成员 | 私拉电线、使用违规电器 | 宿舍内饲养宠物 | 高空抛物"
"学生违法违纪后，有下列哪些情形之一，从重或者加重处分？","强迫、唆使他人违法、违纪的 | 串供、抵赖或者伪造、销毁、隐匿证据的 | 阻止他人揭发检举、提供证据材料的 | 包庇同案人员或者打击报复批评人、检举人、控告人、证人及其他人员的 | 主动退出违法违纪所得的","强迫、唆使他人违法、违纪的 | 串供、抵赖或者伪造、销毁、隐匿证据的 | 阻止他人揭发检举、提供证据材料的 | 包庇同案人员或者打击报复批评人、检举人、控告人、证人及其他人员的"
"根据《普通高等学校学生管理规定》，学生在校期间依法履行下列哪些义务？","遵守学校章程和规章制度 | 恪守学术道德，完成规定学业 | 按规定缴纳学费及有关费用 | 遵守学生行为规范，尊敬师长，养成良好的思想品德和行为习惯 | 对学校给予的处理或者处分有异议时提出申诉","遵守学校章程和规章制度 | 恪守学术道德，完成规定学业 | 按规定缴纳学费及有关费用 | 遵守学生行为规范，尊敬师长，养成良好的思想品德和行为习惯"